0	0	0	0	0	0
0	0	0	0	0	0
4	0	2	0	0	6
1	4	2	0	8	4
0	0	0	0	0	0
0	0	0	0	0	0
8	2	10	0	18	7
45	68	47	104	167	129
10	0	0	0	0	8
0	0	0	0	0	0
0	0	0	0	0	0
0	0	0	0	0	0
25	6	24	28	0	5
0	0	3	0	0	0
25	29	18	0	0	0
0	0	0	0	0	0
0	0	0	0	0	0
0	0	0	0	0	0
0	3	0	0	0	0
7646	7212	6949	9170	12250	9395
0	0	0	0	0	0
0	0	0	8	0	0
67	107	89	80	68	89
0	0	0	0	0	0
26	12	8	7	27	10
43	63	14	17	16	22
0	0	0	0	0	0
0	0	5	0	0	2
0	0	0	0	0	0
47	126	79	107	153	104
2	13	10	6	11	0
12	0	0	0	0	16
0	1	2	5	0	10
0	8	0	0	0	0
18	6	0	7	27	3
0	0	0	0	0	0
0	0	0	0	0	0
0	0	10	0	0	0
0	0	0	0	0	0
3	0	1	0	0	0
0	4	4	0	30	0
0	0	0	5	0	0
0	3	3	0	0	0
0	0	0	0	0	0
1	0	0	0	0	0
0	0	0	0	0	0
5	0	0	0	0	8
0	4	0	0	0	0
9	0	3	7	0	0
0	0	5	0	0	0
0	0	0	0	0	0
0	0	0	0	0	0
0	10	7	0	5	0
0	0	0	0	0	0
37	14	16	20	8	16
138	49	64	37	58	74
0	0	6	0	0	0
10	2	0	0	0	2
95	56	45	61	56	31
6538	5102	6016	5790	9384	6565
0	8	0	5	0	0
0	0	0	0	0	0
46	38	43	59	69	53
5	0	7	0	9	18
12	20	25	16	13	10
0	0	0	0	0	0
0	0	0	0	0	0
110	228	151	148	159	116
2	0	5	0	0	0
8912	8468	6522	6258	7252	6190
143	165	79	69	89	57
325	359	213	230	280	233
326	378	226	402	261	288
25467	24918	17908	16655	17824	16342
22871	25917	17135	18273	17987	18031
1534	1651	1142	1155	1224	1238
0	0	9	1	0	0
286	329	201	223	271	181
7985	8953	6364	8303	8203	8729
32	55	66	86	23	29
104	178	75	86	129	131
2916	3395	2226	2599	2793	2631
570	817	464	470	405	478
296	284	178	233	210	205
6694	6876	4914	4698	5059	4708
2046	1908	1236	1150	1140	1262
4507	4931	3086	4001	3600	3671
4196	4812	3041	3678	4429	3355
7628	7389	5313	6269	5982	5456
256	223	235	262	274	216
44097	61587	33553	40822	36745	36996
508	453	348	418	342	307
2	0	0	0	4	0
472	525	319	367	342	295
1132	1172	877	970	910	896
353	396	282	484	345	447
760	926	548	528	477	406
251	201	117	214	216	207
91	114	34	82	80	88
467	279	243	553	550	491
5	6	11	4	13	9
86	70	69	99	66	94
48	36	29	44	46	40
25	39	9	0	19	23
169	134	120	312	291	189
314	414	374	200	271	273
20	1	17	32	30	20
5	2	21	29	10	3
640	897	790	946	1266	1187
788	823	631	865	967	795
1549	1562	1006	1353	1116	1092
274	441	277	399	476	354
20	40	26	37	48	38
1584	1431	929	1336	1351	1327
1270	1438	921	796	706	958
576	580	434	599	610	501
651	878	484	846	697	819
310	364	224	502	465	382
656	620	476	561	498	532
3635	2942	2128	3011	2819	3060
26797	28069	17608	20786	16927	17694
153	196	117	162	112	118
772	666	586	694	687	685
3166	3084	2155	2256	2119	1926
514	608	401	461	489	485
2446	2760	1786	1948	2187	1593
1701	1650	1238	473	384	523
344	328	257	185	94	115
79	57	63	29	33	33
143	177	99	95	101	98
320	163	154	35	23	46
10549	10820	7272	4949	5595	4899
2200	3073	1931	1576	1626	1779
5294	6755	5266	5769	5060	5846
1530	1176	935	1000	930	1002
1401	1702	1038	859	1048	1018
1012	1024	794	342	406	371
444	496	327	369	372	444
29	47	17	32	25	22
9740	10086	6637	9384	9849	8006
139	135	71	92	111	173
3786	3968	2500	3791	3669	3612
69	85	74	98	108	51
121	107	71	89	106	62
321	309	274	155	131	157
2494	2897	1605	1151	897	1111
54	96	57	52	34	68
740	660	475	582	581	507
736	821	652	587	703	722
668	599	480	605	487	396
172	152	153	171	82	148
121	90	65	71	117	79
144	134	90	155	128	132
9	0	9	23	2	3
787	1088	622	1169	1126	1098
929	1104	785	1307	1415	1234
2756	2333	2256	3769	4609	3742
340	465	299	933	1165	790
24	25	5	12	21	48
22	17	11	16	41	20
133	224	100	325	273	184
30	72	43	45	59	51
31	18	8	35	8	24
136	204	157	254	162	245
290	295	170	230	239	204
46	47	35	30	24	45
6	9	8	26	3	13
9	86	27	25	24	29
4639	4834	2966	2040	1704	1824
521	620	375	540	543	424
66	127	60	78	75	120
0	8	0	13	0	0
257	249	237	309	261	171
1176	1312	1110	1406	1615	1639
32	26	9	3	17	13
617	849	602	846	594	722
4	6	2	9	17	0
1282	1481	992	1587	1675	1526
1171	1433	883	1109	976	874
663	803	500	729	568	569
85	184	34	261	154	205
0	0	5	7	0	0
82	139	44	136	86	65
1535	1687	1215	1550	1376	1348
0	0	5	0	0	0
506	441	390	382	628	464
54	36	35	61	39	54
151	144	114	155	132	104
1531	1876	1107	1081	1017	946
278	295	215	150	167	168
173	94	102	42	70	94
175	199	105	110	130	92
6	13	0	4	0	7
400	462	289	563	485	377
9	20	23	9	25	48
71	59	33	59	63	107
54	58	62	20	72	54
480	551	439	480	579	571
97	93	109	173	100	163
55	26	11	12	12	7
14	13	11	4	6	0
20	73	20	24	33	24
399	502	319	350	324	360
1785	1902	1384	1208	1461	1160
415	392	261	344	343	309
170	128	127	70	59	113
12372	13799	8352	9864	8069	9554
38	26	21	19	10	16
419	486	323	445	396	463
582	530	386	1030	1144	927
390	302	202	289	291	174
472	557	432	467	345	479
858	945	622	1352	1088	1209
47	35	22	97	76	92
3107	3558	2519	4513	3812	4325
252	327	161	389	270	267
781	1023	695	823	805	711
82	121	110	102	115	184
401	460	362	405	517	563
18	25	13	20	13	53
1995	2193	1459	1633	1438	1550
1848	1923	1464	2362	2199	2390
1891	2109	1464	1935	1922	1869
546	639	439	526	538	494
815	903	624	810	882	739
302	282	273	360	362	211
60	85	101	101	68	131
10	1	5	7	24	12
5	0	7	0	6	10
2072	2137	1630	1417	1584	1257
794	811	517	609	679	524
885	1217	679	836	622	836
1230	1247	943	1090	1048	1029
1224	1146	943	693	722	693
330	385	215	221	232	337
131	109	104	117	84	129
88	46	56	49	35	27
18	9	6	28	5	19
167	174	173	218	209	117
822	1240	684	900	948	970
990	951	767	1157	1341	1106
828	1054	616	899	981	891
315	384	290	393	389	322
8384	9128	6107	6672	6206	6694
3947	5959	4322	4977	5311	4619
24744	26370	20997	24008	24025	23181
14399	15931	11554	14372	15270	13326
5739	5938	4464	6426	6334	6021
11550	13261	9725	13234	13121	12540
2090	2027	1557	1716	2080	1585
2569	2837	1874	2236	2053	1991
1860	2139	1466	1729	1661	1217
6678	7941	5625	7987	8140	7709
33738	32788	22730	20516	20387	20667
255	165	157	79	223	178
2283	2580	1732	1951	2017	1646
1314	1154	851	1285	1189	1220
558	613	465	468	465	402
2368	2369	1595	1769	1635	1579
311	255	162	190	197	159
1908	2021	1361	1397	1218	1337
1281	838	668	733	995	776
85	134	72	115	93	97
128	159	81	235	165	150
1270	1158	1078	1125	1115	1108
1094	734	671	806	835	831
159	143	122	117	77	85
1923	1838	1140	1750	1637	1644
115	107	95	71	86	100
38	37	31	59	46	50
5	20	8	7	5	13
50	41	30	1	70	48
473	421	329	568	491	546
4063	5110	3317	5443	4798	4677
4872	4752	3361	3787	4123	3771
166	143	98	117	160	126
1912	2296	1327	1549	1645	1445
242	251	162	183	239	288
1584	1595	1200	2183	1713	1626
241	218	233	111	70	131
295	365	227	307	263	249
156	173	101	118	140	124
11441	10344	7584	8345	8920	8271
442	456	394	469	432	443
1118	1115	894	1208	1196	1228
48	41	26	31	18	45
64	70	58	42	92	50
1372	1421	948	1397	1803	1627
128	93	109	114	84	97
99	90	44	83	83	54
94	136	138	129	91	67
624	714	457	666	705	653
152	138	101	124	140	96
300	417	236	265	213	343
80	54	43	53	39	37
13	31	24	3	0	5
10392	12504	8149	10537	9137	9734
4361	4349	3227	3367	3206	2819
153	153	115	104	137	98
1908	1940	1230	1761	1539	1856
137	145	74	85	89	24
833	1127	792	897	826	845
107	161	138	71	104	87
4007	3740	2612	2041	2031	2185
96	127	81	106	90	122
9969	13022	7809	10724	11842	10959
1048	1373	976	1184	1295	1205
4357	4106	2846	3130	2694	3015
2148	2466	1588	2134	2356	1832
882	1039	699	1143	941	1169
1121	1125	732	729	930	879
985	992	571	818	767	720
3682	4014	2464	2802	2542	2453
421	422	296	285	295	314
247	317	207	195	162	108
1080	1119	801	1168	1229	1175
2304	2093	1390	2092	2637	1986
559	745	463	587	583	594
3674	3751	2901	4230	4061	3778
1894	1577	1259	1817	1428	1279
5218	5561	3307	5028	4407	4274
641	713	473	311	483	642
41	62	45	36	21	70
115	71	82	82	53	87
2636	3155	2168	2099	2741	2361
5512	6413	4040	4209	4863	4374
925	710	529	722	721	741
2435	2144	1577	6357	4888	5881
424	620	347	580	757	590
106	167	85	73	94	66
11	19	4	8	15	0
69	54	67	57	78	32
1068	1112	646	567	730	476
15	30	27	17	34	22
30	36	24	39	59	4
21	8	3	12	11	13
60	38	42	74	51	69
25	32	67	27	28	22
5	27	12	14	4	0
48	78	62	84	94	35
101	153	81	158	153	138
259	378	308	491	504	350
559	907	482	992	955	926
819	946	720	840	713	787
8	8	5	0	10	0
225	208	261	293	258	275
57	62	21	70	75	59
1041	918	608	1130	1062	1162
1041	1086	678	1425	1157	1436
2111	2373	1711	2818	2762	2533
1829	3131	1917	3741	3299	3862
218	143	134	252	196	228
1936	3193	1802	3534	3611	3110
2183	2440	1496	3344	3499	3296
2683	3560	2182	2628	2777	2880
981	1215	771	867	1165	1080
107	133	73	79	43	52
0	0	0	0	0	0
0	8	0	0	0	0
196	216	121	218	161	244
52	91	43	42	23	60
1222	1236	920	955	719	887
3259	3010	2336	2453	2549	2517
4	0	2	0	12	6
15512	17020	10845	11038	9731	10512
2097	2569	1754	1791	1411	1469
10471	11018	7979	8676	8640	8043
103	128	78	105	74	86
9856	10673	7995	11636	11003	11990
333	294	286	203	339	278
1912	2490	1760	2568	2241	2360
2959	3057	2658	3263	3301	3411
895	595	490	772	636	612
682	599	463	534	555	630
2439	2603	1525	2412	2446	2213
1536	1644	1119	1761	1862	1504
17	36	25	40	22	31
1369	1404	1040	944	837	924
3596	3839	2392	2349	2590	2242
304	266	169	350	337	250
202	167	117	239	187	164
262	284	212	353	357	267
4887	6105	4365	4921	4906	4555
1686	2371	1366	1440	1616	1235
2544	3192	1784	2506	2057	2315
2613	1983	1670	1986	2159	1784
29	36	37	2	50	22
25	47	39	68	73	43
267	280	226	202	192	210
3464	3774	2620	3243	3880	3414
304	285	203	212	141	236
457	424	350	726	779	646
3	8	3	9	0	8
913	655	457	509	590	556
427	674	433	476	493	456
61	50	51	65	77	38
346	577	382	427	391	282
947	882	689	795	921	781
714	899	616	544	617	634
552	672	363	303	250	309
125	160	74	119	109	167
19	16	0	13	6	8
34	23	13	32	36	29
18	37	28	20	11	3
400	607	321	551	546	448
912	1090	716	486	669	668
379	259	186	251	303	244
106	91	33	42	58	62
0	0	0	7	8	0
4	0	4	0	1	0
131	179	88	224	225	137
91	93	62	58	124	81
92	85	66	71	53	54
189	183	130	192	135	166
145	139	122	79	133	49
2	0	3	0	0	10
335	334	189	168	213	186
103	108	31	91	56	122
11	18	6	3	30	11
3021	3489	2264	2033	2314	2218
28371	30010	21160	22914	21413	22004
1427	1556	1044	1005	1159	1116
136	159	88	180	190	121
127	197	137	768	995	716
569	631	476	757	819	589
276	304	179	193	294	272
128	213	83	110	116	43
54	99	58	68	118	66
12921	15403	10444	15112	13716	12982
254	174	172	154	179	215
543	774	409	537	603	580
468	862	535	648	860	614
1163	1338	1025	1503	1533	1628
1800	2115	1745	2328	2427	2778
1647	2010	1730	2213	2137	2073
69	127	69	132	112	82
215	254	166	206	324	235
5504	5088	4056	4695	5111	4776
59	66	49	49	22	10
448	504	363	272	222	320
13	25	14	8	1	1
25	18	16	2	19	17
493	366	307	382	407	422
1602	1497	1123	1280	1377	1277
200	163	203	101	116	125
915	1037	762	973	1239	1220
279	323	245	228	297	212
498	559	364	655	555	464
259	248	153	132	164	109
0	9	0	0	1	0
8	16	7	12	5	20
54	36	4	25	49	101
48	48	32	41	24	21
4	0	4	0	0	0
0	4	0	0	0	21
29	15	10	17	39	36
0	9	11	11	15	11
19	14	5	20	3	18
200	220	172	308	255	233
1093	1108	665	607	533	397
72	37	15	35	17	17
1101	1121	818	916	1126	737
55	76	45	74	48	113
4852	6100	3535	3992	3806	3515
822	872	560	760	752	634
224	240	193	189	159	178
897	977	663	808	802	685
136	126	88	242	153	206
230	339	153	486	640	457
75	90	80	66	48	61
1742	1370	1086	1484	1314	1411
291	376	239	207	248	263
16	8	4	9	0	15
4793	4131	2759	4041	3356	3450
1	2	4	6	1	30
12	12	21	1	10	5
41	67	37	54	108	82
606	501	404	559	483	479
34	43	30	11	25	60
5304	5120	3270	4372	4327	4644
2581	3083	2090	3244	3336	2934
24	34	13	10	28	20
6883	6155	4825	5615	5072	4704
9	5	18	0	8	5
0	0	0	0	0	0
21	54	27	51	48	29
13	0	9	8	6	13
449	436	367	220	285	211
1469	1727	1403	1140	1219	1076
43	39	15	32	7	31
1570	2092	1354	1622	1328	1432
1944	1912	1179	2021	2118	1618
223	329	169	263	249	243
2123	2415	1350	2204	2568	2096
2056	1641	1177	1143	1230	1060
5656	4521	2996	2658	2553	2601
820	679	474	662	617	601
155	237	132	161	152	106
34	30	40	42	14	37
9	14	20	0	0	9
52	79	54	45	57	63
35	43	15	26	45	12
2337	2225	1686	1917	2049	2061
1349	1687	1143	1222	1625	1143
177	244	173	190	171	123
394	440	229	354	362	367
162	219	148	160	145	157
4144	4808	3041	4679	3959	3947
2551	2512	1717	2754	2796	2405
12281	13033	8626	11561	11184	9829
309	361	252	441	257	333
1810	1697	1364	1679	1743	1580
824	739	553	560	572	414
657	489	371	458	405	426
210	225	130	156	157	104
736	669	559	608	549	624
1309	1148	801	1022	1136	1014
898	1283	820	1032	724	1008
2549	2881	1994	3042	3110	2259
176	151	104	84	99	88
873	1008	607	639	635	691
630	623	352	413	443	305
222	221	153	115	108	112
174	226	138	114	223	113
584	554	429	526	711	634
665	1612	963	1260	1295	1570
128	92	119	74	110	72
2906	3244	2112	2158	1750	1905
7295	4894	4248	6760	6646	6353
650	707	551	542	497	396
266	186	89	96	88	131
1647	1541	1100	1209	1059	1177
685	660	446	635	542	430
34	34	11	13	15	10
118	137	75	150	80	74
6895	7293	5119	5217	5026	4823
798	752	646	658	553	696
63	90	27	40	28	73
44	75	44	22	42	14
1147	1491	907	1146	1332	989
1053	1254	847	1690	1689	1506
103	113	63	64	118	81
1	12	0	0	0	0
576	482	326	361	534	384
326	273	208	435	396	433
20	11	5	61	10	28
43	25	45	40	24	20
61	54	27	39	30	27
10855	10677	7143	6962	6775	6819
3	16	15	4	10	14
3810	3468	2550	3315	3312	3350
505	559	321	427	579	507
316	386	325	258	216	199
2130	2130	1270	1734	1758	2181
777	891	576	734	762	718
8210	7958	6206	8473	7978	7668
27	22	25	37	63	29
1296	1382	951	1323	1362	1223
1410	1580	1162	1245	1331	1130
403	379	290	385	468	403
586	557	460	468	705	530
0	0	9	0	9	4
393	346	224	249	318	289
5	0	0	0	0	0
1404	1846	1243	1474	1829	1600
87	91	86	159	111	125
6727	8047	5771	7359	8493	7487
210	243	236	168	183	208
53	52	37	77	85	49
24	8	29	13	20	28
3665	5670	3598	3112	3660	3164
90	125	73	71	156	103
10272	10349	6470	6798	7681	7088
3130	3608	2174	3438	3114	3289
64	88	68	72	50	88
22	23	22	8	12	38
24	0	21	12	14	5
445	569	380	449	390	287
2893	3362	2117	2651	2200	2203
356	502	274	455	433	412
72	115	95	82	52	94
45	54	39	48	31	30
119	105	78	99	131	80
13	4	7	4	4	0
1926	2349	1523	2159	2092	2225
404	328	241	232	224	229
719	723	494	498	500	389
292	387	218	219	153	265
25	53	36	31	8	26
341	343	281	325	337	346
253	370	248	222	199	210
2265	2331	1679	1702	1690	1542
1615	1667	1165	1870	2136	1907
34871	37907	26054	35181	35585	31195
19	11	6	23	17	16
2785	2861	2147	3693	3057	3207
294	246	219	182	216	236
387	422	291	335	336	255
32	22	19	23	27	17
1687	1608	1282	1743	1614	1422
560	557	463	474	450	391
5522	5527	4032	4224	4282	3554
1135	841	800	801	769	644
1003	1049	692	810	727	615
148	89	106	108	94	94
61	50	58	33	38	33
141	198	119	757	736	726
27	24	33	56	44	50
61	87	19	37	115	45
80	79	31	68	82	81
377	463	409	427	443	267
101	109	68	79	78	113
0	0	0	0	0	0
85	82	58	139	126	78
78	84	88	109	101	107
3007	2621	1618	2307	2149	2193
213	249	197	223	212	203
247	172	154	177	149	143
211	168	153	165	256	191
3133	3255	1986	2422	2524	2414
1402	1382	908	1311	1090	1143
1625	2296	1460	1838	1718	1640
97	112	66	98	124	142
5	12	13	5	8	12
29	23	12	10	14	30
375	274	262	337	188	289
341	324	223	181	194	177
175	216	138	110	126	104
26	28	22	64	34	48
48	45	47	23	32	10
1176	1106	794	696	841	632
2583	2164	1618	1714	1562	1500
38	74	33	62	43	42
42	32	21	21	11	1
390	485	237	242	217	188
566	571	406	327	339	414
16	10	21	14	15	12
261	211	156	180	188	127
7445	5591	4705	4579	5230	4716
717	687	516	561	569	569
214	228	153	193	135	157
1491	1457	910	1276	1278	1243
18	2	23	4	21	17
133	218	143	137	167	211
39	5	32	63	42	41
0	0	0	0	8	0
466	458	314	629	731	518
1009	1184	811	869	976	837
67	43	33	57	36	40
1656	1704	1167	1071	993	1075
6578	7209	4585	5386	5112	4935
355	368	327	272	472	385
1451	1266	908	1369	1230	1164
259	207	161	218	152	266
1644	1527	1256	1575	1847	1457
51	50	49	100	130	112
635	842	620	736	640	596
424	512	349	299	251	354
490	587	247	512	336	494
568	749	414	520	590	596
1165	924	696	843	848	854
134	121	169	199	250	204
1498	1246	881	766	913	777
2154	2162	1499	2086	1916	1708
94	123	71	79	80	93
710	599	487	773	605	627
70	135	67	32	105	63
0	0	13	5	0	0
11	16	17	16	25	10
0	0	0	39	12	19
101	53	59	46	45	41
54	40	45	32	90	73
4	0	0	0	0	0
138	197	123	250	258	319
1677	1582	1294	1400	1313	1292
220	309	194	202	239	224
1013	1181	664	926	727	798
13	0	7	0	5	5
203	296	139	253	302	199
101	84	52	92	125	96
47	50	36	30	13	20
2377	2234	1689	1437	1845	1768
790	739	533	842	604	635
54	111	43	59	24	54
34	3	10	27	15	2
443	334	196	308	281	302
545	768	443	481	631	487
168	156	148	178	198	130
981	1403	745	1066	991	843
176	233	187	126	249	200
5	0	5	6	0	4
131	158	69	130	166	99
294	256	166	190	227	186
271	290	159	160	236	215
2222	2226	1591	2057	1934	1504
944	1046	702	805	887	804
94	96	29	112	120	169
7704	7865	4833	6359	5807	5545
6631	6225	4260	4469	4155	4334
245	422	348	438	421	386
129	201	122	95	134	179
5	17	12	0	7	10
99	113	92	158	145	121
217	227	198	154	194	200
6987	7099	4562	5786	6496	5573
30	53	20	16	8	25
206	298	184	255	217	267
262	301	226	142	193	156
31	41	44	17	8	33
17	21	5	10	0	22
298	357	215	285	288	287
1511	1435	843	1594	1558	1369
28	34	14	16	0	12
8226	7520	5145	4883	4286	4295
282	218	158	168	111	162
72	73	50	46	57	61
37	22	31	28	19	41
174	240	134	143	159	84
308	316	200	186	281	290
57	42	49	17	42	31
24	2	15	8	18	1
20	11	0	0	19	38
22	18	13	29	10	24
253	185	150	281	193	310
111	98	68	141	131	78
279	444	281	353	387	303
110	171	106	75	97	67
417	437	313	372	532	405
131	159	157	181	179	215
1071	1201	744	860	946	931
454	457	263	347	399	301
1675	1823	1361	1742	1921	1695
1590	1888	1164	1225	1185	1498
836	830	632	558	724	626
788	1003	547	878	880	1063
111215	82901	63245	62917	68551	63263
537	507	312	217	278	259
977	780	603	372	430	463
547	774	548	375	429	388
246	167	128	106	86	144
1619	1432	1092	782	982	946
31298	31927	21148	23240	20871	21518
3198	3228	2226	1765	1642	1695
2680	1955	1667	1609	2108	2150
1989	2263	1435	1562	1580	1492
376	257	167	225	231	205
139	123	115	106	124	153
904	1297	670	785	664	682
889	680	511	377	513	386
263	215	109	257	219	240
73	96	67	73	101	148
17	86	32	56	60	17
554	553	433	336	303	255
5738	7176	4189	3102	2470	2585
169	125	141	110	111	145
326	268	239	129	110	130
14827	15811	11065	22921	20186	19494
14	55	49	41	38	59
39	82	22	55	48	67
308	406	249	349	338	302
8019	10438	6134	7697	7879	7001
3076	3709	2409	3593	3927	3589
38	48	43	53	20	48
49	53	28	36	120	32
930	879	705	614	681	687
5	6	10	0	1	1
19	5	9	7	14	1
943	710	554	805	720	800
20335	24674	15085	12398	11798	11654
18240	23314	15476	13461	13362	11111
384	388	294	366	328	314
805	900	534	996	974	943
1223	1606	906	1048	1074	1125
4725	6060	3735	7448	7082	7202
77	68	46	54	98	95
158	173	152	263	213	149
119	66	73	123	110	82
1311	1533	913	1578	1646	1619
141	146	119	84	131	157
62	50	84	113	131	127
167	135	133	154	212	154
207	183	117	160	228	175
297	293	220	237	197	226
2260	2899	1849	1522	1871	1766
3043	4165	2822	2118	1930	2448
24717	32787	21066	17005	15921	15984
57255	63559	42941	37651	37646	35550
634	730	570	710	705	590
954	1258	824	1008	952	931
152	195	99	152	85	98
3	2	2	0	16	6
26	15	10	6	10	11
1722	1911	1248	1949	2219	1684
1442	1652	1086	1845	1493	1567
610	625	480	823	949	1097
474	504	351	756	733	717
3513	3005	2018	4026	3983	3151
1939	2108	1330	2263	2238	1898
1622	1715	1014	1707	1867	1883
11683	11700	7683	12445	11799	10542
376	417	305	578	603	555
5	4	0	5	1	0
313	456	261	339	327	338
24	26	35	26	9	14
0	0	1	0	9	0
2402	2072	1789	893	1065	1176
1852	2940	1815	1603	1720	1475
50440	57303	35706	29511	30369	27502
1804	1967	1420	729	917	874
3730	5064	3581	3115	2654	3077
5743	6705	4405	4043	4143	3948
4675	5020	3512	2456	2657	2451
3817	4805	3087	2777	2497	2597
954	1072	797	559	637	579
1918	3285	2253	2185	2537	1794
20568	21369	15202	15569	14697	12458
1477	2135	1520	1985	1851	1763
888	901	727	734	734	803
2209	2893	1718	2289	2294	2268
0	0	4	0	0	0
1202	1192	1031	588	709	680
571	451	399	246	259	176
671	705	483	511	317	446
853	830	733	401	570	385
377	534	311	306	229	328
2434	2932	1765	1219	1346	1352
515	663	395	277	325	377
1823	1676	1520	1288	1308	1063
1069	935	795	492	518	537
2172	2656	1876	1314	1434	1538
9992	12029	6926	10294	10944	11512
2726	2894	2064	2310	2427	2217
40	45	38	36	47	42
19	30	30	49	0	24
110	94	100	124	74	70
800	822	531	750	865	783
119	213	82	109	141	123
5944	6111	4186	3254	3528	3040
1096	1327	736	568	587	684
95	136	178	79	88	68
94	137	80	82	50	97
553	809	389	601	487	624
11	0	0	16	0	3
66	88	43	61	68	118
0	0	0	0	0	0
77	41	31	40	57	57
268	195	205	209	276	256
72	39	39	47	28	12
387	268	233	283	222	325
123	133	41	93	104	122
72	55	23	36	18	21
37	24	8	1	6	24
327	333	234	313	405	388
50	68	60	48	76	35
0	0	7	0	0	0
0	0	0	0	0	0
94	103	52	80	89	42
2	8	12	0	4	4
333	404	188	277	263	230
164	219	162	256	251	186
631	882	588	858	1077	772
46	34	23	41	38	54
40130	38854	24576	28274	29660	29361
192	201	141	282	212	233
13	37	36	94	94	56
203	394	129	366	378	214
345	394	209	413	606	694
2186	1769	1301	1342	1551	1459
46	41	33	26	34	21
55	104	81	58	62	102
1266	1626	1134	1680	1796	1899
1068	1311	941	1522	1442	1494
3500	4307	2700	2972	3012	3234
148	146	153	117	156	96
5145	6552	4112	3910	4062	4634
74	47	52	35	79	29
2	1	5	14	0	16
394	341	291	388	381	291
64	81	72	82	106	60
116	149	87	90	45	50
32	40	18	22	37	6
944	709	508	477	366	371
1886	2265	1754	1999	1542	1385
494	549	374	451	511	499
20	2	12	13	7	10
362	353	297	219	240	236
768	889	640	611	605	470
855	1022	710	941	961	1033
309	168	103	184	196	171
66	30	20	55	34	40
284	366	292	377	272	195
299	470	255	472	447	407
27	55	34	13	65	26
2189	2229	1601	1905	1853	1609
13486	12468	8316	9058	8700	8451
422	617	332	249	406	285
873	1049	653	825	769	648
20	62	36	23	28	36
472	351	247	290	227	339
291	310	258	419	421	457
25	6	15	20	7	26
89	81	90	108	76	99
292	433	267	273	288	185
75	142	84	107	160	207
303	236	144	282	353	176
1225	1413	912	1800	1588	1415
1069	1086	718	1175	1284	1150
2	0	0	0	0	0
758	817	520	441	695	551
4494	4856	3325	3561	3702	3322
2460	2584	1537	2002	1701	2020
134	166	126	108	143	164
2568	2463	1726	1591	1422	1559
72	56	57	119	88	54
7767	9820	6573	11132	9831	10247
557	562	469	493	374	441
0	6	0	15	0	0
64	122	67	108	96	90
3942	4709	2988	5659	5315	5895
1774	2286	1426	1707	1655	1763
1470	1526	1013	2130	1829	1945
937	906	636	968	1247	1213
240	223	173	170	251	175
336	350	188	296	248	208
33	54	50	43	70	61
18	20	4	25	14	1
367	357	233	438	491	524
55	46	22	15	23	23
138	117	65	80	77	103
915	959	859	884	927	848
489	509	392	371	406	380
481	553	434	638	560	508
4074	4126	3025	4462	4429	3975
23770	21388	13755	19665	17167	16837
8854	8265	6412	7155	7633	7662
16189	15164	12942	17996	17895	15441
213	170	162	173	143	105
1357	1398	941	1216	1203	1072
148	143	105	143	108	130
0	0	9	0	0	0
557	640	399	597	636	653
8070	8943	5908	8947	9133	9834
4	0	7	3	9	0
32	154	67	45	21	28
125	192	87	128	67	68
325	336	255	364	448	402
699	703	445	726	685	713
180	161	125	73	87	135
54	60	49	13	28	38
355	518	276	316	286	253
0	0	0	0	0	0
67	71	70	65	74	55
279	272	230	403	464	322
253	392	227	232	202	234
0	0	6	0	0	3
83	122	77	124	146	145
132	68	97	44	47	58
282	324	196	391	336	300
140	149	105	69	58	137
50	58	69	63	55	57
575	567	447	474	448	466
206	125	92	117	80	131
70	113	70	51	75	84
144	154	157	168	112	138
31	27	12	69	56	100
311	333	299	291	288	269
143	88	56	94	108	123
450	622	440	578	587	391
117	93	93	111	258	174
193	132	110	216	267	185
237	290	186	187	259	163
1532	1794	1368	2178	2191	2162
1230	1454	1182	1982	1889	1747
1745	1843	1244	1815	1689	1511
407	648	403	469	561	334
2114	2288	1675	3161	2974	3220
1343	1912	1267	2007	1829	1846
3227	3870	2450	3637	3215	2963
298	352	184	342	376	294
10911	8899	6947	3972	4118	4476
25	37	32	54	57	18
738	757	672	1037	939	819
1183	1172	758	1681	1227	1435
1783	2099	1450	1748	1447	1599
2543	2084	1466	2594	2666	2074
0	0	0	6	0	0
1040	965	645	1148	967	808
172	183	140	111	143	176
1289	943	867	826	1098	969
2441	1957	1386	1437	1399	1403
541	454	473	620	513	653
681	691	445	510	407	437
251	277	155	253	223	210
11	0	4	3	7	0
51	61	39	9	36	22
478	820	353	366	415	301
4119	4355	3305	4042	4142	3349
739	795	508	797	908	667
1888	1241	906	1177	990	916
140	56	87	92	61	95
66	95	48	79	76	97
8	8	2	4	0	6
77	70	38	18	10	21
30	9	29	1	35	6
26	37	19	10	8	3
327	222	201	520	764	599
695	772	555	902	1040	792
3252	3766	2141	2026	2122	1881
927	798	613	559	555	532
11	7	1	5	9	12
1041	753	561	503	548	585
374	388	338	334	335	203
71	37	47	38	64	24
80	59	46	60	46	53
8580	8030	6130	11124	10969	10304
1753	1966	1324	1831	1859	1618
176	193	155	288	219	212
419	396	327	291	387	272
7	6	0	3	0	12
68	74	62	60	55	68
2952	3335	2047	2651	2673	2536
1380	1254	705	1115	998	871
49	53	45	50	26	55
784	804	547	776	776	808
443	485	364	551	305	419
874	1035	694	890	1012	846
1502	1570	1162	1339	1551	1379
23	61	27	32	14	39
289	265	312	342	320	450
52	54	28	44	91	76
32	92	47	86	107	39
39	72	21	36	10	17
232	353	263	389	470	323
1124	1171	847	1526	1405	1300
3466	3558	2670	4565	4650	3893
50	57	53	87	48	36
50	52	13	16	49	4
92	77	69	73	27	104
6	12	0	0	6	10
33	26	12	16	13	61
78	63	41	36	86	42
327	318	247	415	363	403
309	215	184	150	150	204
250	184	205	202	230	187
4184	4215	2915	3831	3740	3034
7784	8465	5400	4266	3828	4097
162	105	123	96	78	64
639	724	479	485	466	471
1162	1318	862	972	759	1052
355	371	289	323	282	256
662	421	413	280	387	321
129	164	118	73	87	120
977	1162	718	1164	1187	1152
26365	29841	20287	27107	26688	23493
5913	5303	3820	4523	4755	4441
261	211	202	166	210	164
1110	1070	787	894	843	825
428	281	237	198	232	315
177	186	128	106	167	95
6560	5973	4395	7067	8253	6609
4877	5191	3522	5432	5821	4949
928	1087	684	1097	1139	879
582	422	350	538	523	533
142	137	91	104	113	53
144	258	108	177	174	117
23	17	12	0	38	23
30	18	19	34	29	21
395	336	293	346	244	269
3711	4404	2981	5177	5230	5209
56	75	65	39	21	14
10	0	4	7	0	3
364	355	311	285	395	239
1784	1727	1209	937	1093	1165
1623	2321	1538	1321	1140	1433
2523	3136	2138	2005	2183	2289
2079	2224	1283	1061	1262	1352
44	51	11	70	51	38
1839	1744	1245	1446	1406	1369
1991	2408	1646	2633	2632	2393
339	329	288	261	272	199
621	606	474	389	405	396
809	984	698	690	519	591
512	631	384	621	473	499
16	32	17	40	44	22
27	14	24	26	52	16
42	28	46	52	63	31
88	77	61	49	85	91
8	21	7	7	0	18
92	147	128	70	75	56
497	716	418	333	450	300
189	296	151	212	199	162
317	282	277	340	289	287
224	246	205	141	207	152
118	104	71	181	95	173
386	347	247	237	293	256
200	149	84	111	94	115
7	14	36	35	17	27
206	272	162	344	352	314
285	357	209	469	444	398
195	175	228	290	328	333
90	110	76	119	137	104
984	1043	738	838	853	894
6	1	0	3	5	4
1002	1423	989	1086	1228	927
6	16	14	40	9	32
2085	2233	1299	3185	3024	2938
1772	1909	1287	2370	2455	2330
1148	1239	932	1336	1192	1328
153	223	119	177	217	230
48	56	26	28	45	67
105	119	123	104	98	44
374	409	258	260	224	267
238	202	179	162	137	153
2784	2570	2150	2101	2552	2197
35	27	52	41	28	36
199	290	164	233	213	305
106	110	92	161	113	165
1251	1090	759	638	676	552
609	504	357	471	426	421
364	383	209	277	430	365
1343	1442	921	1191	939	961
30	38	8	24	7	3
309	236	212	597	535	446
6	0	15	20	4	4
738	739	535	1112	1234	1008
172	148	112	222	185	252
312	260	236	198	190	191
2256	2664	1670	1957	1769	1667
1046	1273	917	1040	937	1179
201	99	93	72	107	119
35	23	14	38	50	14
93	108	86	111	121	76
623	544	352	550	587	382
4670	5131	3568	4573	4736	3904
1141	1432	739	1130	1340	1003
18	15	9	15	38	30
490	539	470	370	342	312
94	80	58	44	77	67
91	110	45	71	42	64
5	6	0	0	0	0
1468	1153	802	822	747	813
111	178	101	52	110	60
10342	9171	5710	5131	5285	5086
1598	1716	1207	1127	1101	894
2525	2826	2094	2207	2554	2120
3584	4775	2884	3042	3152	2861
636	648	430	829	745	643
2046	2114	1451	1633	1685	1491
685	913	513	761	632	564
186	130	85	145	125	44
784	1130	772	726	898	706
2693	2081	1601	1854	1563	1346
173	130	76	105	114	123
677	616	430	823	484	416
136	156	104	92	72	81
5	11	4	14	0	5
42	29	11	23	45	16
212	345	207	240	205	202
0	0	0	0	0	0
294	323	281	144	72	115
294	328	219	151	191	181
48	110	57	31	132	82
297	234	158	261	276	249
252	365	202	450	458	362
2	27	13	14	8	10
16	19	14	9	12	40
1	2	1	3	10	14
5	1	5	0	16	0
35	84	39	37	50	36
3	15	5	23	7	32
22	19	10	5	0	15
23	81	49	66	53	74
0	6	0	0	0	0
5444	8077	4993	5741	6138	5205
158	117	106	101	95	68
121	190	113	60	102	108
69581	75690	50172	47537	52650	44982
0	0	0	0	0	0
19	11	6	18	12	10
133	109	63	74	66	87
43	12	8	19	22	16
21	23	10	8	20	26
1	0	10	2	10	6
405	370	275	486	524	602
304	508	364	326	335	339
2062	2245	1405	1989	1662	1686
126	59	69	61	107	92
120	168	77	86	121	125
119	152	86	76	164	110
0	0	7	8	0	0
3511	4167	2890	6169	8824	8809
680	702	515	649	602	681
1212	1475	947	1562	1505	1473
81	109	94	75	94	69
337	368	235	363	371	388
147	255	95	118	113	149
914	1000	673	1059	895	1042
52	38	53	50	30	55
501	548	413	560	351	446
41	38	31	42	23	19
150	76	49	78	37	56
8	0	0	6	0	0
89	42	50	54	27	20
0	0	0	0	0	0
1119	1297	828	1053	1000	1084
1598	1750	1175	1199	1283	1286
774	702	579	620	539	558
2143	2421	1829	2984	2801	2890
635	606	477	826	928	758
5541	5075	3684	5202	5229	4310
351	289	201	296	332	205
2107	1925	1236	2339	2177	2050
18	6	0	16	18	4
940	1080	821	1030	1149	1037
803	921	707	608	686	635
468	760	497	508	440	468
2662	2328	1449	1318	1433	1314
1117	1153	659	570	796	582
3077	3445	2350	3198	3448	3275
2325	2320	1319	1823	1943	1815
262	284	164	267	318	226
320	453	223	326	290	340
126	154	89	90	84	113
491	601	411	428	542	448
4	0	0	0	0	0
0	0	0	0	5	0
0	0	0	7	7	0
315	153	146	128	158	98
53	35	12	40	6	18
0	12	13	3	20	15
377	249	95	200	112	125
2752	2604	1802	3779	3505	3668
632	614	419	407	498	479
2836	3422	2393	2957	2653	2713
2473	2511	1836	2169	2041	1955
2421	2677	1673	1368	1603	1566
5988	9693	5019	6188	4925	4873
4098	4978	3068	3461	3418	3319
59868	58685	41561	48065	43441	43911
132	88	117	126	228	159
329	483	305	334	417	385
531	564	393	513	795	472
953	1188	751	984	1152	1066
225	247	223	334	252	197
224	278	162	321	313	305
3967	3955	2948	3585	3662	3504
1212	1153	907	1092	1322	1265
1008	1128	868	1422	1383	1360
4459	5022	3569	3503	3175	3061
80	86	67	109	55	76
36	79	47	9	79	75
176	226	140	79	80	104
284	385	216	171	261	140
28	38	28	14	7	15
1033	938	716	1065	975	991
6149	7867	4997	5528	5147	5398
395	479	234	200	271	252
25	0	4	0	0	15
5	17	6	10	5	11
924	980	709	734	837	768
370	338	264	404	364	328
301	350	237	324	308	312
255	174	162	195	269	219
0	30	12	24	2	6
6527	6441	4687	5576	4686	6739
3224	3138	2053	2706	2525	2511
3158	2302	1644	717	584	640
4830	3704	2489	327	234	315
8714	6179	4181	239	220	141
9382	6466	3963	260	141	133
964	762	556	283	304	277
21704	26422	16052	19534	17679	19270
0	0	0	0	0	1
1	1	0	2	13	8
337	358	246	274	251	258
4	12	15	0	0	0
0	13	2	0	12	2
0	0	8	6	0	4
23	58	27	76	58	58
29	15	4	8	0	7
13	11	3	14	0	18
1145	1086	811	1119	955	1037
498	670	455	483	425	450
1069	1259	848	1072	919	1123
452	383	275	300	323	321
147	95	63	113	93	61
188	275	177	564	646	751
82	28	44	76	74	37
26	14	6	58	18	56
77	71	76	113	91	81
1634	2060	1260	1578	1689	1526
2679	2829	1914	2960	2759	2473
449	593	408	514	691	617
274	256	217	291	321	238
77	90	74	90	110	106
2096	1709	1337	2375	2688	2322
94	75	58	53	78	83
632	658	545	509	531	665
39	42	13	21	21	48
989	1070	692	1092	1027	973
20890	16989	12930	16079	15767	14615
765	695	464	738	756	652
5256	5865	4104	8025	8752	8665
60	37	42	35	56	44
17764	15729	10961	16176	14961	13487
958	915	542	873	792	861
105	46	85	88	98	40
98	64	40	42	26	57
2251	2134	1407	1331	1503	1282
1177	1134	799	877	786	1022
1557	2039	1346	2770	2575	2492
239	224	154	163	268	152
54	25	14	17	20	13
138	77	70	71	121	129
31	29	28	74	48	71
2705	2900	2335	2298	2729	2346
2151	2345	1405	2043	2134	2075
9254	9833	6467	11035	10361	9435
19278	22439	13268	12277	11855	12450
454	403	351	308	407	503
2611	2510	1681	2324	1943	2656
2102	2139	1385	1912	1851	1643
153	186	113	178	139	180
545	391	366	272	361	323
1142	1215	785	1062	1102	1187
659	818	537	1013	1013	1046
982	1190	818	1105	1806	1264
1638	1314	879	1069	1205	872
4742	4398	3475	3436	3659	3719
76	42	33	46	65	38
1314	1143	885	2995	2595	2710
91	65	68	197	114	145
29	74	70	86	49	59
17	25	9	36	44	40
105	128	58	113	93	65
409	649	329	390	435	474
196	228	140	212	152	169
3917	4184	2586	2302	2705	2539
99	113	85	46	76	92
764	798	571	1096	951	1140
2619	3326	2554	4773	5273	4439
226	79	101	206	277	208
302	166	105	380	267	293
0	0	0	0	0	0
326	441	319	361	496	307
4188	4338	2392	2436	2161	2216
415	340	217	292	331	183
50	49	39	88	64	52
304	281	212	293	261	245
392	234	221	240	234	230
1487	1625	911	1553	1491	1348
351	483	243	361	365	289
630	935	532	664	607	825
970	1266	800	1309	1188	1306
242	235	124	193	230	166
751	767	607	771	729	708
96	164	89	73	53	81
450	373	297	482	410	508
116	160	66	145	97	82
442	486	357	394	340	331
33	64	29	58	87	80
52	42	21	83	102	101
404	633	307	766	548	545
308	300	158	392	268	311
2801	2825	1923	2246	1740	1929
5253	6752	5040	8707	8652	8825
28808	30689	17925	30347	28558	27468
4829	5201	3705	5058	4964	4256
2973	4036	2753	3385	3335	3490
96	93	93	166	62	103
217	208	107	146	132	160
5	37	6	18	0	12
239	245	206	276	290	235
81	59	62	88	74	92
856	978	587	765	793	766
963	802	442	742	785	807
620	719	520	442	600	627
1200	1169	701	872	854	872
17392	9453	8727	8674	9086	7848
290	354	331	337	280	445
2223	2422	1812	2177	1927	1727
79	68	24	73	89	39
202	187	125	135	173	144
3089	2563	1938	2065	2233	2023
144	182	115	186	106	88
2333	2474	1748	1689	1509	1596
128	236	126	104	103	117
273	423	235	165	215	248
146	137	74	106	89	104
144	151	104	109	116	103
2592	1976	1303	2088	1369	1654
465	607	302	435	469	373
8	10	2	0	0	10
3654	3166	2504	2854	3211	2649
78	110	43	66	102	64
335	292	134	180	193	121
165	200	95	69	185	157
1297	1510	1231	735	908	757
14677	10851	7553	5502	5469	5285
1168	1228	819	1173	1197	1018
297	300	204	282	224	168
3378	3963	2266	2397	2301	2293
501	872	501	463	433	407
2077	2541	1571	1828	1653	1740
200	200	191	113	102	103
38	18	16	4	10	13
183	129	91	120	139	72
2573	2940	1997	3254	3919	2977
1179	775	616	680	968	859
125	186	123	166	115	75
393	423	289	248	239	374
439	373	268	529	460	497
2747	2399	1950	2784	2596	2592
63	59	52	66	48	47
14	2	4	11	8	0
48	49	65	45	82	25
79	80	52	84	86	123
263	220	195	188	159	170
603	531	288	367	528	362
396	298	213	248	279	230
663	676	353	479	522	447
380	410	261	246	264	332
114	97	70	107	92	82
55	55	57	33	52	35
2554	2362	1652	1655	1222	1307
1604	1706	1228	1186	958	991
1849	2401	1595	1564	1680	1494
2927	3411	2573	3189	3809	3230
548	636	492	436	549	552
1429	958	704	846	1017	923
521	586	416	585	594	622
8	2	0	0	0	6
237	280	197	327	275	275
55	22	39	36	14	10
673	781	483	556	397	377
544	404	255	585	505	516
310	370	199	393	301	332
42948	40137	26732	27224	25982	26927
916	1338	739	719	684	737
76	82	55	95	61	55
0	2	0	0	8	11
99	101	88	65	96	88
6625	6188	4288	3413	3364	3300
2607	3142	1909	2150	2145	2082
1010	790	591	534	403	514
1740	1672	1310	1226	1196	1168
830	733	602	495	629	644
13587	13624	9868	9974	9689	9285
389	205	112	147	181	139
2058	1990	1401	1146	968	1195
1296	1364	908	992	1089	869
358	376	250	284	344	262
904	974	615	881	757	724
55	116	40	67	81	150
462	543	460	611	784	669
747	775	501	1000	1104	1001
363	392	354	627	637	613
639	589	595	591	943	818
1289	1207	945	1403	1875	1551
3539	3902	2527	4502	5044	5239
2747	3331	2054	3027	3692	3356
13918	17547	13711	24996	28570	24263
720	556	690	1076	1201	920
172	97	113	185	268	164
40	30	37	48	36	25
2977	2653	1804	2809	2741	2603
767	809	636	560	430	490
136359	86866	88145	58613	73681	66548
113	150	81	167	157	218
3053	2828	1963	2452	2502	2403
37	85	57	50	38	70
2530	2404	1554	1467	1383	1312
177	237	162	191	189	219
2507	3447	2070	2968	2954	2550
250	200	159	210	180	126
537	540	459	602	638	575
7460	9354	5809	9666	10435	9864
6188	5388	3878	5005	5107	4461
1951	1976	1342	1596	1579	1668
123	195	90	152	106	147
0	10	6	8	0	1
1386	1601	987	1628	1551	1428
14669	15372	11129	13662	14080	12216
1865	1712	1347	1503	1406	1493
585	628	421	445	487	465
1846	1799	1250	1355	1338	1477
170	189	180	279	268	238
2528	3210	1950	2670	2327	2403
2315	2662	1593	2548	2548	2205
4076	4008	2639	3830	4522	3165
121	214	75	283	226	245
1786	1796	1287	1629	1659	1501
1337	1308	839	1270	1137	1212
928	1037	718	1072	1149	891
449	568	430	689	521	553
134	165	80	82	121	68
229	223	206	122	203	121
7	18	6	0	3	12
861	751	534	811	1054	1097
17	19	23	12	12	30
213	195	131	122	177	203
107	142	98	93	118	119
283	322	178	425	296	385
847	806	522	574	517	622
91	143	60	90	127	98
20	58	28	45	39	21
49	109	83	92	48	70
1141	1342	823	1226	981	1365
37	24	17	16	40	28
2382	2314	1521	1614	1587	1245
260	235	152	165	220	153
44	81	62	40	18	59
30	13	12	30	6	0
0	0	0	0	0	0
236	203	133	180	118	97
39	43	29	47	28	58
79	79	58	52	85	74
11144	11368	8323	8871	8865	8127
45	74	32	47	66	37
715	776	422	637	713	804
165	125	142	149	117	160
115	60	54	88	50	138
1399	1348	881	1142	1379	974
241	137	121	255	331	168
7082	7124	4428	3833	3636	4141
1255	1142	760	935	1315	1171
321	302	217	212	201	184
225	120	78	98	99	89
422	276	169	246	190	268
143	202	88	100	74	73
249	384	246	299	215	345
556	642	396	481	477	468
70	100	109	83	102	98
1509	2126	1355	2480	3194	2057
165	231	121	134	181	168
261	243	160	282	275	278
1471	1961	1246	1724	1696	1663
265	250	132	155	160	105
623	735	438	262	299	285
313	268	195	172	135	165
60	17	32	13	43	0
124	89	101	41	55	39
831	707	641	547	718	516
56	28	33	27	45	46
1320	2541	1652	1590	1568	1356
18341	14029	11397	8115	7361	8114
11	9	0	6	1	0
2080	2571	1725	1631	1960	1764
445	579	430	414	422	379
1742	2007	1466	1158	1432	1316
3503	3747	2593	2631	3047	2709
4823	4968	3203	3824	3825	3924
1263	1178	736	1449	1640	1616
321	402	273	508	512	477
178	199	180	285	276	290
1924	2531	1531	2205	2555	2425
8692	7044	5198	9128	8996	8105
1100	927	713	1079	892	861
534	465	377	520	666	555
68	46	93	72	86	70
415	384	293	359	291	339
220	230	299	514	437	604
2411	2987	2186	3392	4118	3039
433	487	402	641	778	728
490	681	332	569	518	506
250	403	209	299	291	278
8783	7518	5313	10720	9380	11074
2830	2632	1993	2755	2632	2274
4061	3520	2562	3395	3464	3362
3201	2570	2073	2762	2790	3167
59	50	36	59	44	20
64	50	44	46	50	72
394	355	305	388	316	301
4154	3649	2506	3781	3721	3156
63	79	59	85	67	94
137	140	101	86	117	80
564	536	427	605	789	654
900	905	621	650	652	647
245	265	206	179	197	159
512	549	342	488	409	383
292	318	293	356	280	264
80	62	67	57	72	85
718	721	504	607	721	636
1672	2095	1559	3324	3264	3139
1911	1690	1292	2218	2149	1669
1706	1939	1214	2267	2404	1965
2010	1872	1322	2226	2140	1849
1469	1882	1123	1469	1771	1504
737	685	458	600	478	511
174	227	127	232	131	112
1713	1796	1194	1440	1422	1424
149	215	118	42	108	119
4905	4906	2985	4266	4500	3767
1	3	17	10	5	32
5682	5284	4142	5561	5167	5276
1650	2122	1371	1830	1608	1280
1376	1504	1117	1208	1337	1230
9	16	8	13	5	13
747	865	630	1256	1372	1161
601	677	411	650	726	580
34	58	21	13	22	18
56	76	47	55	29	83
4	15	0	1	0	0
386	411	300	400	555	507
343	494	387	601	485	446
2611	2944	1846	2029	2481	1955
4987	6240	4035	4555	4425	4445
2225	2129	1326	2149	1935	1887
7799	6951	4919	5784	5409	5570
102	59	36	37	78	84
0	0	4	4	3	0
533	534	408	573	492	507
63	23	40	22	45	17
640	714	415	417	363	460
207	168	178	222	207	226
62	71	44	36	70	60
180	225	167	270	255	384
178	254	162	185	151	93
7901	8686	5381	4977	5199	4820
1524	1746	1398	1654	1587	1194
1167	980	635	1131	808	789
2225	2391	1913	2788	3071	2611
358	415	358	381	513	500
230	292	235	290	299	285
378	401	321	385	414	286
358	431	351	527	417	543
190	359	203	415	506	367
415	424	296	321	345	360
207	237	120	241	250	181
279	199	166	249	325	249
107	150	84	96	80	161
655	992	570	786	911	789
1124	1095	687	601	576	524
456	526	422	382	398	360
43	68	49	51	49	91
298	374	262	215	378	272
34208	32547	22991	27641	29599	28073
646	644	598	522	537	512
3123	2867	2132	3138	2976	2700
749	509	451	536	539	602
8475	8869	6361	7494	7286	7740
1463	2144	1367	1796	1534	1580
22040	28300	17019	22441	22777	18178
0	14	4	7	31	6
1643	1783	1364	1075	1091	1110
1519	1828	1212	1277	1209	1225
369	280	217	171	134	121
662	717	455	580	557	500
74	61	50	73	93	114
1310	1304	928	1275	1342	1506
65	58	25	70	93	106
24	65	26	21	43	42
33	29	33	20	17	16
35	52	22	48	42	46
1915	1809	1209	1236	1594	1629
3507	4057	2819	4292	3929	4538
1405	1395	1081	1612	1745	1570
31	47	26	11	61	15
745	841	484	599	683	621
97	137	84	99	93	116
721	504	413	794	819	763
100	136	62	111	94	64
36	15	45	38	67	21
26	41	16	43	25	22
810	697	578	797	692	820
2303	2215	1443	2163	2318	1982
219	267	179	246	285	278
253	343	134	179	310	248
509	517	329	379	303	281
913	819	708	953	827	852
181	124	64	106	141	102
1589	1832	1107	926	1020	934
12	13	10	14	0	9
775	671	479	607	721	638
619	455	442	467	444	420
17	39	25	14	20	17
137	79	84	73	102	51
5439	5017	3801	4719	4601	4961
556	658	455	622	524	395
322	124	206	133	199	119
59	90	42	46	67	78
744	815	630	415	534	524
165	236	161	88	125	125
21	23	30	31	27	45
62	102	37	76	57	61
8	41	9	7	4	18
230	167	109	240	209	147
8	2	12	16	9	4
6322	6650	4727	5442	6216	6041
1479	1339	942	1025	1054	1234
356	417	306	382	352	403
614	651	450	351	343	322
107	95	99	105	105	58
266	302	262	193	133	168
63	43	15	24	28	68
7	48	12	29	12	24
282	268	173	260	200	239
56	39	26	45	18	28
16	11	10	15	8	13
2802	2536	1908	2995	2744	2877
91	58	72	75	92	55
60	54	47	38	65	89
54	89	47	48	48	60
15975	14785	10613	13899	14717	12540
219	183	142	130	101	151
265	379	290	255	249	322
447	515	414	444	436	484
3001	3720	2349	3040	2986	3356
113	115	120	126	137	92
0	5	12	6	1	17
7206	8611	5668	9327	8516	9285
3665	5366	3445	7067	5967	6228
15	44	8	42	18	21
117	138	81	140	106	86
9291	9332	5989	5499	5231	4890
451	339	275	290	254	252
109	101	90	135	87	86
63	38	51	42	56	35
5	0	0	0	0	0
81	81	85	121	139	121
6	0	1	0	1	2
0	0	1	0	0	0
3	5	2	4	0	7
594	554	360	501	540	500
75	64	61	60	27	68
313	336	284	326	337	304
1209	1468	869	1097	896	922
151	253	129	185	153	190
198	173	130	234	189	160
1292	1377	873	1189	1289	984
381	523	282	423	494	399
7279	7793	5090	6307	6868	6125
1477	1500	1265	1372	1435	1360
4904	4984	3416	4075	4485	4038
87	112	99	101	160	123
266	210	173	191	221	241
146	175	92	223	106	123
209	185	120	147	125	171
44	44	37	24	38	43
2845	2385	1839	2283	2286	2215
247	209	153	367	352	295
2766	3360	2309	2721	2550	2396
39	73	12	42	34	44
34	54	41	56	58	34
83	99	48	48	61	40
2556	2104	1437	1207	1245	1189
5417	5363	3230	3819	4111	3691
15676	16872	11582	16255	15725	15573
8257	8765	6304	9792	9222	9117
4429	4169	3033	5029	4891	4670
2132	2709	1652	1956	2067	1965
328	477	326	655	653	597
1722	1669	1288	1465	1670	1651
6363	6536	4322	5031	5432	5574
2089	2280	1581	1944	2812	1516
147	211	133	207	257	143
339	496	335	524	530	493
212	233	171	113	247	154
163	141	93	140	159	143
361	388	279	416	516	407
1920	2174	1372	1612	1421	1557
248	303	227	428	311	455
1836	1991	1306	1335	1367	1360
70	59	13	31	10	70
2526	2543	1685	2655	2309	1929
1987	1995	1388	1243	1478	1526
1280	1186	960	1110	876	1039
6605	8252	5697	7748	7693	7202
3	17	0	11	4	1
4	7	0	0	10	0
1980	2420	1378	2079	2159	2151
174	193	126	137	158	268
21699	25288	16205	14784	13514	13435
1761	1212	1035	783	736	759
325	478	353	363	288	239
1078	1238	720	3558	4565	4085
155	105	105	296	416	392
313	409	186	1066	1167	1144
181	172	152	493	593	604
16	47	15	13	13	26
655	714	441	798	628	689
944	939	750	1034	1135	845
588	556	333	535	587	466
1119	1407	868	1474	1366	1279
1861	2163	1180	1303	1580	1314
10619	11344	8239	8126	8184	7898
3592	4276	2700	2824	2837	2663
1520	2162	1681	1970	2188	1861
3321	3503	2360	2937	2653	2680
606	656	500	676	570	534
1110	1095	781	651	756	756
2671	3574	2473	3028	3276	3046
781	549	522	570	684	570
2432	2664	1833	2101	1992	2015
1989	2809	1836	2703	2594	3559
1295	1663	1100	1307	1634	1489
1058	1116	719	485	666	649
11432	19598	11214	15600	14417	15222
4298	4884	3270	3971	3854	3491
706	583	638	376	498	406
475	517	381	355	311	249
415	323	245	430	526	463
474	535	433	734	786	715
79	40	35	60	43	56
53	93	71	73	35	49
558	599	402	493	431	346
645	848	522	379	477	486
630	620	446	598	713	522
178	175	82	79	99	135
1566	1369	888	816	1002	904
395	423	355	348	233	338
744	1068	578	550	577	454
107	101	63	65	58	124
40	42	25	23	33	27
176	247	156	154	130	94
378	588	395	431	483	396
791	872	624	1019	822	622
630	542	464	590	684	550
274	262	178	365	445	334
682	483	462	533	612	460
536	464	359	527	508	418
115	206	131	98	134	152
800	1059	696	893	885	1068
678	704	465	677	711	727
0	4	0	0	0	0
9	0	0	10	26	16
0	3	1	0	15	0
275	379	237	433	478	538
86	59	42	51	101	70
28	26	32	23	40	16
2	0	0	0	0	0
19	26	2	28	4	7
771	610	536	466	556	584
366	333	203	355	344	243
3	15	6	22	23	9
424	353	244	234	297	173
4405	4063	2847	2740	2709	2787
2973	2624	1853	1867	1629	1921
253	205	176	162	127	226
156	187	119	208	167	176
2085	2158	1588	1680	1663	1888
160	155	110	132	97	126
27	13	15	3	45	26
33	76	52	21	20	18
307	424	180	269	302	200
44	63	15	31	17	33
2136	1978	1192	1320	1165	1006
19	22	15	44	24	32
119	169	66	124	67	61
571	672	444	412	388	377
145	154	99	86	148	185
250	116	137	142	83	121
269	144	147	155	135	144
764	795	458	618	556	615
8581	8528	6655	7419	7433	6485
3525	3163	2044	2284	2329	1901
42862	40978	26567	20384	19942	19901
704	706	541	492	470	474
489	434	356	404	443	364
16862	17308	11675	16351	17156	16525
5	0	4	0	7	0
981	1302	824	1016	1047	1108
1423	1351	975	1071	979	940
2626	2020	1556	1750	1627	1589
60	97	92	83	38	88
19	27	12	18	20	12
0	0	0	0	0	0
580	682	458	473	485	482
1005	1299	879	669	607	548
1660	1698	1280	1076	873	907
599	569	460	449	486	301
317	352	188	264	180	133
316	202	146	178	131	93
604	521	358	423	414	416
71	119	43	81	47	21
1057	758	509	571	425	446
413	366	230	280	184	246
298	161	154	129	162	61
23	11	8	13	14	12
26	14	25	13	5	19
8	0	0	0	0	0
18	21	15	26	0	30
41	50	21	58	25	40
15	37	9	24	41	8
281	371	215	215	248	314
290	261	179	167	251	194
136	173	120	131	193	189
266	294	160	366	279	271
22	38	20	25	20	33
7	9	11	8	4	9
1522	1558	1274	1211	1133	1126
431	462	373	243	295	249
1098	972	729	835	834	737
19	26	12	13	0	11
2352	2375	1687	1844	1766	1777
1648	2211	1481	2705	2415	2631
190	168	182	501	602	624
204	255	182	613	632	514
22	17	14	33	38	26
0	0	0	0	10	4
126	164	156	525	536	262
274	188	174	839	781	569
367	225	245	573	934	738
177	147	66	158	129	119
80	54	67	129	169	104
100	131	86	82	97	147
72	54	65	41	61	95
933	1369	903	1341	1416	1213
62	34	18	35	31	25
20	15	34	24	22	21
2592	2687	1681	1872	1902	2017
24997	24140	15211	14109	15249	13266
4	13	0	0	0	8
99	142	132	141	118	188
636	732	425	437	559	475
736	564	464	605	339	461
969	871	635	681	744	660
430	448	302	423	314	258
2198	1862	1720	1479	1455	1858
1961	1764	1325	2039	2169	2311
17	4	6	5	4	0
122	66	95	73	125	125
0	0	0	5	0	0
82	48	66	74	78	89
2508	2734	1712	3273	3543	2984
34	51	51	73	45	80
0	0	0	0	0	0
6	0	0	1	0	3
34	47	50	77	87	43
253	223	220	180	247	165
66	86	67	66	60	51
277	290	236	187	261	313
368	388	274	280	160	246
121	119	117	86	131	112
0	0	0	0	0	0
75	125	48	70	81	39
28	25	18	60	37	24
320	283	180	297	355	277
1404	1354	894	1361	1337	1435
563	496	335	326	339	635
11	47	11	40	18	22
3	0	0	0	5	1
29	39	45	29	39	35
209	186	135	208	140	127
187	193	139	188	214	181
249	277	118	184	119	144
13	21	18	13	9	11
457	598	396	357	373	387
7938	10353	6521	5784	6433	6182
4024	4116	2487	2913	3157	3269
123	121	106	93	127	120
5477	5443	3855	4527	4730	4543
3352	3345	2214	2684	3145	2793
1897	2182	1412	1705	1526	1632
31	32	10	20	32	27
156	83	89	79	44	61
6	6	0	12	11	7
688	701	540	733	596	708
26	5	10	1	17	12
8	7	2	10	6	7
9	0	8	0	11	0
2165	2253	1701	2548	2525	2220
15231	15356	10817	13158	12694	12677
2863	3444	2153	2815	2686	2860
2751	2722	1988	2854	2759	2506
3941	4559	2849	3559	3790	3656
1537	1487	1054	1449	1513	1509
2901	3320	2331	2847	2609	2293
9	8	13	1	27	7
2691	2190	1504	2450	2323	2089
0	0	0	0	0	6
53	14	47	54	51	31
52	25	31	29	27	17
405	250	300	229	283	313
15	33	14	16	48	28
0	9	4	6	1	0
0	0	0	3	0	5
18	24	25	48	31	41
462	404	265	476	406	323
1088	1451	834	1749	1696	1698
155	141	100	180	263	265
3003	3614	2090	2662	2535	2458
95	183	64	96	110	91
1149	1032	1170	3135	3250	2871
324	404	282	282	298	330
1521	1582	1361	1648	1604	1705
349	444	273	311	321	282
471	519	464	464	668	691
159	221	128	208	170	141
1472	1394	1086	1077	1112	1162
1303	1104	738	1103	1011	1006
3273	3285	2205	2731	2855	2719
93	95	108	124	115	92
359	562	400	422	412	348
231	194	165	214	180	216
240	281	175	245	196	144
190	163	113	150	204	246
475	499	393	428	592	526
482	413	428	390	490	388
316	320	221	272	382	306
2630	2173	1636	1466	1867	1630
4317	5298	3117	4727	5083	4366
3473	3038	2207	2867	3063	2800
84	148	111	187	132	126
3518	3963	2546	2941	3190	2990
47405	46810	32877	33088	30427	29636
180	219	171	138	246	152
68	81	97	66	101	119
73	62	16	68	33	38
616	644	394	637	542	509
1016	1130	616	1007	932	826
888	728	644	1023	987	1102
2206	2324	1637	3095	3293	2984
191	282	136	248	363	196
2967	2815	1833	5149	5185	4839
79	113	76	67	91	86
53	37	11	19	14	7
22	16	5	24	8	9
4298	5027	2938	3301	2156	2758
427	298	147	219	179	207
107	103	58	58	106	120
13	36	25	47	50	46
4999	5241	3140	5166	4924	6127
1299	1586	1146	1492	1333	1426
961	957	679	580	599	494
95	128	98	69	122	59
41	51	22	19	43	49
422	461	296	372	415	426
5226	4380	3407	3234	3251	2988
35	25	21	15	19	13
39	110	53	80	75	50
401	493	311	677	600	575
270	259	203	272	231	250
419	330	263	303	306	202
41	52	18	9	17	31
792	751	592	489	473	473
38	31	19	19	17	11
664	699	383	662	549	584
937	874	612	792	905	753
30990	36246	22478	24669	23333	24091
1714	2444	1492	2456	2390	2054
8593	10046	7046	11179	11012	10105
42	14	32	59	67	39
389	374	251	375	308	291
184	214	124	172	186	198
73	60	25	72	82	53
1128	903	646	530	703	715
200	193	158	158	137	73
58	54	22	52	22	36
45	52	41	14	9	31
4424	5372	3617	6434	6083	7309
4013	4237	2686	5275	4718	4358
1858	2123	1196	2054	2000	1878
1184	1299	838	2036	1960	1608
2034	1909	1833	3762	3915	3179
814	918	535	480	461	443
12307	14098	8897	8983	8123	9218
1724	2128	1357	1690	1579	1542
876	807	532	665	838	755
20	25	14	60	22	8
91	56	89	21	79	52
225	225	170	286	231	308
221	177	123	237	241	208
520	580	453	787	629	791
2450	2685	1736	2898	2973	3025
272	141	118	171	204	173
191	216	128	101	82	128
544	485	321	597	506	435
319	489	255	268	199	337
174	225	185	380	195	340
1144	1070	947	1152	1174	1289
5932	5750	3544	4716	4765	3901
904	877	553	610	703	452
22	61	27	22	13	35
1159	1066	789	1484	1460	1675
783	672	528	897	1173	739
342	437	317	336	345	324
927	635	518	644	688	642
2	6	0	3	0	7
814	854	577	1034	1057	1076
563	650	476	779	774	676
4346	3884	2787	3814	4136	3557
1025	1272	745	1268	1311	1245
834	689	493	736	652	629
101	102	94	75	84	59
141	122	73	87	109	80
36	53	24	22	43	49
2980	2700	2043	2422	2547	2871
412	354	256	409	279	335
2763	3192	2261	2749	2439	2422
413	333	370	488	442	467
106	92	76	134	177	86
61	64	106	77	68	92
1511	1755	1276	1538	1476	1308
852	769	572	630	711	910
811	949	585	1020	908	852
13971	15622	10390	21384	22003	20074
96	87	38	76	97	96
0	0	0	0	0	0
189	116	126	212	107	164
11	1	8	0	8	7
362	282	212	332	209	238
153	134	115	153	151	244
0	14	0	7	0	9
15	5	9	34	50	19
33	12	37	23	45	20
47	53	50	14	48	58
1384	1330	688	801	762	935
92	84	80	106	140	80
11	7	0	1	5	12
12	23	15	17	26	14
127	114	51	166	140	104
438	453	277	279	381	381
385	608	509	531	504	608
260	452	246	353	324	352
525	530	340	551	572	533
25	42	26	58	38	45
60	113	44	71	73	68
84	41	47	39	56	24
178	255	127	110	89	120
1057	1268	795	1154	1184	1118
126	145	113	115	146	103
127	107	116	96	163	67
145	74	46	58	83	48
173	134	117	200	128	146
60	67	52	42	53	38
317	306	220	240	507	260
0	7	5	4	5	0
84	35	43	2	13	65
356	308	257	374	261	367
59	62	40	53	55	36
3	2	3	11	1	7
1559	1609	991	1062	1261	1308
435	701	406	480	497	383
224	193	163	168	194	164
74	56	29	50	43	40
7	15	14	25	5	14
31	27	2	38	34	0
1	0	0	2	5	5
61	54	54	142	98	109
19	9	14	14	34	11
39	57	28	71	47	37
36	41	11	36	50	58
20	8	12	38	41	16
43	79	30	70	64	28
67	66	40	105	53	39
0	7	9	0	0	16
10	12	7	26	11	14
0	6	9	0	8	0
100	60	120	161	159	163
48	92	29	86	58	31
373	278	241	376	260	358
182	229	109	263	215	304
1534	1462	1069	1651	1626	1380
2274	2550	1622	2080	2177	2067
21894	21168	15417	22401	25296	23331
6250	6832	5323	6769	7492	7037
2848	2998	2224	2486	2391	2364
12536	11724	8397	14217	16237	15392
479	470	320	382	381	347
6125	6181	3975	6675	6540	7124
50	46	7	74	54	39
413	564	374	467	415	395
33	48	46	60	61	32
4514	4380	3102	4349	5595	4478
138	117	96	41	75	60
123	247	119	318	343	215
40	29	27	21	73	29
16	26	11	58	28	58
1135	1158	904	1465	1746	1484
9	10	0	2	15	5
104	70	17	100	98	92
55	73	101	112	119	35
289	453	224	345	421	474
33	68	18	32	102	59
76	103	98	110	105	71
125	77	68	145	123	113
453	494	424	1288	1497	1356
192	257	203	568	745	369
234	163	146	171	226	170
14	9	4	0	11	6
817	791	551	562	483	508
256	161	96	86	91	88
177	212	89	123	152	128
317	371	255	451	582	526
365	330	174	485	388	450
42	73	32	72	88	76
4114	4137	2869	6507	6849	7067
3505	4250	3558	8265	10037	7791
111	104	57	32	56	43
630	855	443	541	653	634
5558	7206	4007	4348	4169	4214
43	63	26	44	22	50
86	97	75	72	48	54
37	6	19	12	11	24
4	3	8	5	7	14
4	8	0	18	8	0
0	0	0	0	0	0
506	566	344	386	393	455
349	296	223	211	231	199
477	443	262	406	402	372
33	116	84	28	56	28
100	123	113	56	74	85
73	131	108	105	50	115
40	40	29	13	60	56
28	9	9	26	42	23
657	689	428	972	1312	1063
49	81	48	61	105	86
460	447	297	617	793	621
2010	1862	1374	1840	2110	1914
5	0	0	8	0	0
115	159	115	160	108	104
41	41	19	46	64	54
103	155	120	127	82	172
7	1	5	27	24	27
124	89	45	229	237	198
446	587	567	2283	2523	1843
406	355	522	1652	2055	1460
242	172	246	755	714	722
2	0	0	0	0	0
69	54	48	47	56	37
143	179	85	193	173	221
91	125	35	228	152	154
96	112	88	165	158	131
246	247	122	170	208	200
150	100	69	121	124	161
54	81	40	70	39	65
69	76	67	58	96	61
363	566	376	581	677	659
173	320	170	260	171	203
498	535	414	733	761	720
9	2	0	13	31	16
1153	1213	933	1736	1494	1531
146	266	157	183	272	257
1568	1614	1087	1276	1090	985
24286	21924	14327	17056	14218	16671
82	95	27	24	17	37
1282	1648	933	1181	1238	1387
3008	2689	2039	2793	2916	2418
608	694	601	763	962	793
6	3	0	9	0	0
286	220	125	290	273	291
5	0	0	6	0	0
16	12	10	2	16	14
41	38	35	5	15	20
154	177	115	82	122	111
738	696	642	796	778	722
561	535	414	420	289	343
357	439	233	334	319	314
3893	3786	2351	2489	2657	2478
162	130	84	110	82	175
43	63	46	44	42	29
209	193	131	196	167	173
58	48	34	38	23	61
436	603	337	386	405	389
1781	2107	1293	1398	1320	1303
4171	4631	3149	4140	4127	3840
6218	5922	3989	11442	11935	11953
70	90	86	94	34	69
46	69	27	23	37	11
91	112	109	69	57	48
58	90	52	29	27	41
985	1200	696	1004	980	899
120	51	47	72	108	152
116	188	156	178	172	197
144	177	84	72	56	74
180	205	130	94	44	67
4	6	5	7	0	0
6	27	44	33	25	12
105	142	144	96	119	163
1626	1435	1138	1263	1370	1101
2568	2701	1996	2402	2751	2450
8	8	2	4	13	6
125	115	57	104	106	88
50183	46693	33768	31500	31406	33662
1313	1512	901	1118	1158	991
358	510	287	467	462	394
11	6	10	9	1	0
773	909	550	536	606	520
112	47	54	45	59	73
127	159	97	138	99	132
5407	5130	3265	5114	5414	5824
1306	1234	854	1572	1823	1325
970	1168	822	1366	1450	1117
441	438	340	639	626	810
179	259	170	249	297	202
348	339	257	225	248	271
20414	17124	13857	12395	13085	11859
115	45	60	53	79	96
499	491	352	504	475	439
209	176	104	109	204	95
2823	2478	1816	1556	1436	1182
5191	5922	3664	3235	3488	2923
75	77	37	45	66	47
78	75	62	73	63	50
11	0	2	0	0	7
11	24	1	28	15	15
354	269	282	343	184	374
717	977	645	1063	840	986
395	331	259	370	304	250
1922	2347	1486	2486	2608	2433
387	337	281	329	370	377
658	481	331	536	646	670
2905	3119	2294	3261	2854	2725
293	284	229	312	279	313
654	768	566	530	619	599
3632	3876	2670	5295	5555	4896
519	350	314	261	274	242
36	44	10	0	20	41
111	157	101	129	71	100
2256	2332	1506	2384	2394	2198
214	93	89	81	73	42
20	25	58	19	43	15
7	10	20	9	9	13
0	0	4	7	6	7
2990	3422	2211	2429	2185	2041
277	318	200	282	359	274
1176	1207	775	881	927	775
198	297	172	248	175	225
1689	1751	1082	1984	1774	1892
548	365	355	403	351	381
176	148	130	178	212	253
168	155	117	207	99	138
353	415	257	342	413	376
500	685	442	584	491	446
390	415	301	240	386	355
919	1335	956	2344	1967	2337
1074	836	753	757	904	760
319	436	273	222	300	201
39	61	38	66	79	35
270	214	174	155	143	158
48	25	35	20	28	44
112	35	54	100	104	104
285	286	182	399	337	358
570	542	444	515	486	405
4711	3451	2928	3508	4113	3328
429	477	346	553	520	385
5362	5612	4455	6093	5730	5829
297	284	173	259	229	339
1297	1406	990	1164	1220	1170
2887	2662	1900	1997	2118	2003
5053	4285	2992	3273	3054	2670
3268	3599	2362	2421	2891	2256
428	331	263	288	318	228
3994	4019	2696	3227	3443	3343
489	554	433	567	466	535
768	832	536	570	551	776
359	263	261	413	393	341
1372	1638	961	1577	1368	1258
1545	1670	1077	3047	2768	2470
232	213	109	437	370	334
772	856	583	1457	1345	1356
4396	3684	2531	4250	3067	3587
2128	1956	1360	1721	1793	1497
3263	2674	1844	2127	2046	1869
637	556	386	392	412	326
2544	2505	1820	1678	1826	1993
26	38	25	37	70	25
70	120	55	55	120	71
154	210	147	55	109	124
591	445	464	339	431	293
274	338	188	245	219	234
605	682	512	403	601	438
429	434	379	422	439	491
42	52	44	50	51	70
0	22	0	5	11	0
1061	998	703	952	892	814
66	96	74	58	68	51
153	199	139	125	186	121
332	482	312	306	442	423
1042	1005	591	866	1002	1038
38	73	40	42	57	68
229	188	136	203	130	151
430	297	231	253	272	253
287	267	259	386	368	331
1252	1190	871	1355	1437	1213
245	228	143	116	159	149
570	899	524	498	420	404
1422	1752	1245	1039	1112	919
36	5	0	15	9	10
581	667	387	557	592	485
159	186	118	120	166	176
3860	3973	2922	4484	4701	4417
25189	28576	19275	25639	26913	26140
5372	5888	4036	7168	7244	5941
5810	6104	4317	8211	8308	6873
99	107	91	140	103	107
8957	5355	5241	3875	4232	4025
60	97	77	91	56	83
1639	1556	1236	1570	1625	1545
123	167	114	178	85	182
961	629	471	494	628	498
931	772	520	533	380	395
8773	8423	6246	11241	11179	11696
330	298	268	202	159	202
4732	4731	2489	3341	3466	3458
908	975	572	870	931	893
402	505	212	598	490	545
210	252	188	273	278	229
816	1355	853	1293	1225	991
301	289	307	180	171	140
1583	1560	1126	1415	1512	1171
705	906	458	428	296	349
2476	2352	1690	2210	2313	2496
9665	10405	7328	9770	8961	9417
1458	1617	1224	1676	1879	1475
1490	1846	1234	1521	1543	1447
2396	2556	1634	2334	2275	2423
8860	11889	7640	8565	7980	8288
28	22	36	32	6	37
553	672	543	798	769	616
5355	6237	3878	4030	3838	3614
14179	15650	10503	12861	12506	12138
703	521	313	406	502	432
3554	3727	2663	3382	3667	3562
0	0	6	0	0	0
405	358	184	386	303	276
241	183	141	192	148	178
80	89	60	50	76	81
114	144	118	238	330	179
217	319	178	198	237	262
491	450	364	307	311	313
21	17	4	15	0	0
414	488	339	386	463	408
551	547	338	490	649	607
1571	2062	1119	1392	1579	1502
18	19	9	3	13	0
563	676	386	628	537	506
378	291	263	428	369	461
207	221	178	205	166	194
5851	5195	3728	5940	5213	5658
288	250	173	182	207	195
12333	11515	8611	12257	12500	11313
1010	852	600	885	1062	858
5545	2755	2139	1145	1142	1220
8002	5478	3887	3068	2837	2993
2534	1482	1052	798	893	860
9148	5583	4262	3563	3283	3630
2597	1541	1161	1171	965	1093
1384	1566	976	931	916	920
199	258	131	320	199	312
31	28	24	39	62	43
406	516	348	605	484	558
83	147	100	132	130	149
12	16	11	15	12	0
0	0	0	2	16	10
141	117	114	143	178	99
2194	2481	1597	2360	1943	1655
566	581	507	477	513	507
1473	2105	1187	1851	2232	2190
20923	21954	14719	19663	19806	18868
65	66	42	103	92	72
67	94	37	33	82	59
935	1104	613	743	762	690
0	5	5	0	0	0
0	4	8	10	8	2
65	83	36	49	31	57
461	484	259	609	447	508
351	526	365	349	599	357
740	886	521	569	703	614
548	610	454	403	519	513
208	157	149	71	126	148
5105	4738	3206	3369	4197	4108
537	678	474	418	549	529
479	330	333	253	269	209
91	91	41	95	70	49
7193	7995	5647	4637	4259	4056
7145	7310	5168	5110	5028	4837
323	324	195	291	268	390
7390	6820	5259	5877	6119	6378
550	521	514	499	541	417
66	26	53	37	18	81
0	0	5	24	0	9
1767	1894	1358	1658	1753	1369
771	1004	594	784	680	797
82	64	61	96	100	79
125	112	99	75	169	53
71	96	55	85	107	116
2198	2339	1568	2670	2652	2520
3578	3652	2495	2269	2219	2416
1265	1232	846	1300	1405	1373
14	54	10	9	16	22
65	37	52	100	46	59
219	291	142	140	165	105
676	538	459	588	709	542
1063	797	615	675	718	668
231	157	81	122	137	80
404	386	258	412	514	298
1637	1651	1279	1239	1055	1118
115	158	127	133	97	138
119	126	55	107	75	79
182	249	129	337	395	285
103	72	45	94	177	114
0	4	22	15	13	21
0	8	0	0	0	18
220	227	135	248	145	140
2357	2495	1260	1739	1488	1540
87	65	85	44	88	70
20	24	17	22	14	15
4	0	1	0	3	13
11	7	34	30	0	17
57	44	17	49	42	11
29	36	43	48	32	25
9	21	20	21	38	15
669	633	525	584	393	508
62	43	28	80	59	64
0	0	0	0	0	10
0	11	0	0	0	0
4	0	0	3	0	4
4	0	5	0	0	8
0	0	11	0	0	0
4	3	0	0	5	0
4	0	0	0	0	8
245	317	211	253	361	286
118	44	61	109	51	69
0	0	10	23	0	8
260	200	125	267	214	262
974	998	675	951	731	743
1689	1568	1061	1302	1052	1120
58	7	14	7	3	6
0	6	5	10	0	15
103	109	54	62	105	99
26	17	24	19	20	22
75	85	92	34	57	76
277	223	210	163	197	182
131	164	143	92	123	114
722	512	383	643	762	598
12595	16661	10062	15462	12598	12509
1042	1087	883	1198	1048	1135
449	413	241	295	238	193
127	283	118	78	49	109
86	70	64	100	64	63
149	135	51	74	56	45
210	123	139	97	104	70
147	115	97	156	172	153
7	0	0	0	0	0
51096	55547	37419	40448	41431	32530
1150	1289	940	839	936	675
181	201	143	163	110	121
60	50	52	68	66	69
829	534	525	625	593	619
9	5	2	3	16	10
252	357	273	290	230	235
1889	2462	1729	1834	2059	1843
241	307	227	381	326	303
2	0	5	0	12	0
23	29	47	43	63	42
431	738	359	802	802	684
1025	1178	978	1426	1341	1252
559	476	468	498	495	467
691	663	392	603	714	623
167	170	108	89	109	180
79	118	39	62	93	104
1065	1536	1016	1366	1556	1674
2196	2212	1419	1944	1944	1793
4927	5428	3823	3639	3591	2883
1813	2071	1450	1303	1162	1294
0	0	0	0	0	0
25	32	2	28	0	13
0	8	1	0	0	1
15	29	38	21	18	29
1236	977	774	1323	1247	1238
607	816	571	1021	947	1204
7628	5946	4594	3877	4254	3981
274	311	156	313	282	250
3665	4011	2954	4070	4113	3762
2696	2226	1722	1438	1648	1502
242	228	128	184	126	81
3325	2994	1754	3730	3190	3757
208	148	103	212	248	218
137	111	67	88	156	94
638	402	324	322	412	326
727	698	417	517	525	350
364	487	324	467	450	511
352	469	318	508	397	456
16	19	17	26	48	34
1073	1423	797	997	1197	832
713	650	442	523	683	706
21900	22243	16337	17784	19405	17071
13	0	0	19	9	4
6130	5260	4332	3655	3779	3761
30	48	13	28	42	34
161	138	104	122	213	118
1280	1258	1025	993	1046	1047
5072	5658	3528	3751	3378	3717
404	343	251	382	327	320
254	266	181	271	258	266
8	26	32	15	53	36
465	648	323	643	615	554
1381	1419	1027	1742	1715	1545
936	1535	1152	1941	2225	1938
114	215	208	354	377	369
296	399	281	590	483	544
157	309	182	257	349	421
169	183	102	207	124	190
37	50	70	54	57	96
31	4	25	35	21	45
117	149	140	168	160	143
652	659	398	585	455	458
1540	1616	1063	1147	1179	859
1244	1159	814	1041	1109	1149
144	273	227	253	329	200
623	408	396	400	399	326
1519	1344	1010	1134	1180	1130
337	213	208	233	201	183
649	615	468	491	690	513
2502	2536	1829	1899	1872	1805
776	947	542	571	495	478
462	426	306	685	606	519
88	137	100	127	144	126
1159	1492	817	1305	1362	1460
1114	1294	907	962	1126	890
364	327	263	169	160	158
145	153	137	134	102	107
638	625	446	285	337	334
56	27	30	47	18	19
34	39	32	49	50	30
2020	2014	1529	1912	1885	1639
916	1294	874	770	904	897
730	589	462	456	408	353
696	685	506	793	755	687
151	173	118	196	186	122
42	44	34	58	64	38
0	0	0	0	0	0
13	29	10	9	23	40
3522	3932	2654	3031	3521	3328
219	250	192	219	254	276
514	406	348	380	425	349
672	684	561	395	466	455
47	57	52	56	97	61
159	163	156	207	195	203
39	57	43	108	13	43
110	113	76	88	87	62
184	232	144	232	114	65
138	115	78	121	115	61
22	39	37	31	32	44
47	59	35	40	21	80
17	35	70	17	29	15
757	896	639	516	484	478
1	0	8	11	0	7
16	46	5	13	31	12
75	99	114	63	61	56
678	651	360	564	555	487
1658	1544	1198	1599	1824	1293
2000	2237	1585	2140	2234	1872
49	89	44	39	53	55
0	0	11	0	0	0
201	218	146	197	395	353
71	80	38	87	67	31
1419	1339	1133	1585	1678	1454
1250	1366	891	1098	1208	1030
402	466	251	373	291	320
726	649	472	574	522	522
1900	1511	1225	1348	1379	1375
0	0	0	7	0	13
1550	1462	1041	1006	797	623
27	24	17	27	12	16
1628	1704	1201	1332	1453	1319
0	0	0	7	0	9
149	112	73	61	53	68
957	939	642	399	339	416
202	196	184	179	144	149
1036	855	688	605	654	520
138	156	72	140	125	88
76	61	58	98	83	100
6609	6090	4203	4908	5054	3923
3	10	4	0	0	19
185	240	181	239	231	176
32	54	29	49	14	29
917	1038	793	728	820	840
3682	3815	2412	2271	2188	2009
2979	3021	2277	3179	2880	2677
62	90	76	51	29	20
57	37	54	40	87	60
3	5	10	18	34	16
393	387	252	314	507	444
566	687	477	766	783	869
4748	4810	3197	4138	4527	4180
111	80	49	72	138	78
4494	4333	3055	3937	4648	4157
243	263	163	298	252	180
1076	1091	794	1414	1575	1436
931	773	695	838	821	883
916	1067	738	1115	1228	1094
2916	3533	1985	1124	1182	1155
11	37	39	4	6	0
60	133	56	33	87	90
1721	1953	1195	2533	2670	2278
28	12	0	11	0	0
1930	1914	1289	1426	1440	1616
1635	2037	1332	1663	1536	1518
145	250	131	208	201	153
399	379	320	283	247	227
1084	1350	660	997	1060	1126
2160	2706	1711	1759	1814	1600
2608	1994	1566	1423	1659	1347
4	0	1	5	0	0
1438	1848	1340	1394	1433	1212
272	472	255	523	488	430
234	202	175	231	283	234
9134	10754	7190	8831	9226	8682
3122	2906	2030	1775	1914	2159
5	2	2	8	2	5
14	1	9	19	35	12
89	116	77	102	53	82
4	2	0	5	9	0
318	354	227	424	609	343
908	787	573	940	999	811
616	725	471	664	716	600
103	70	63	69	83	118
1500	964	796	2642	1870	2340
178	196	183	99	190	133
109	36	54	38	97	89
193	216	149	251	267	255
10	8	6	10	0	12
527	392	356	435	290	325
0	0	0	2	2	0
4	6	15	17	0	0
547	640	426	395	481	568
22873	19599	14044	20429	20136	17235
2836	3412	2326	2738	3117	2699
458	341	256	457	383	337
1292	1260	867	1271	1290	965
2065	1723	1166	1603	1435	1500
78	45	32	57	61	45
58	81	55	55	72	48
1099	1041	719	953	1044	944
180	187	173	175	142	206
301	526	242	278	280	417
161	148	78	81	122	58
851	1134	719	854	614	795
59	53	33	42	70	21
827	1108	594	561	675	513
19994	21515	15491	25279	23298	23180
73	122	84	98	52	71
1119	1069	606	890	841	903
546	455	261	347	336	327
341	298	204	223	235	168
1762	1441	1010	1391	1325	987
1	0	0	4	8	0
3812	3512	2547	2398	2340	2285
2979	3648	2244	3223	3004	2964
87	69	52	46	42	94
11	9	7	6	2	10
98	70	44	149	111	95
120	140	69	144	79	75
67	57	43	54	50	42
10	44	42	18	6	17
1428	1454	1067	844	923	823
5277	5468	3678	3790	3323	3321
163	129	65	49	72	72
364	639	381	569	549	617
648	447	437	314	307	254
42	45	57	18	55	42
12496	10441	6963	16868	16519	15705
0	2	8	0	0	3
1822	2202	1443	2029	1860	1996
59	38	37	50	29	21
103	130	91	84	134	107
512	490	367	356	448	512
8	6	13	8	0	11
75	124	58	87	93	56
68	20	13	32	57	51
33	41	39	23	10	28
3347	3590	2327	2437	2399	1985
870	902	666	610	589	554
4322	4855	3005	3167	2952	2691
4044	3918	2893	3418	3270	3357
778	786	552	786	640	767
187	156	140	185	154	102
1652	2021	1375	1762	1874	1284
1073	1036	833	1000	842	721
1818	1764	1258	1676	1326	1408
220	263	108	171	130	174
401	437	308	314	251	322
54	110	89	71	66	117
141	165	109	24	71	80
106	155	80	74	86	66
798	941	552	486	664	374
12	4	4	0	21	10
5	2	3	0	0	0
32	11	23	6	17	30
51	53	52	90	58	73
814	887	670	962	1108	841
18	13	5	7	10	18
32	60	37	39	23	34
51	17	16	7	8	2
277	402	177	339	320	299
503	549	331	516	484	398
3053	2932	2142	2111	2198	1785
600	527	366	436	362	283
11290	11185	8446	9383	9659	8550
672	547	508	347	494	412
304	200	132	304	274	256
60	70	26	116	139	102
165	125	153	216	173	167
862	545	535	391	372	492
754	831	627	426	582	497
596	362	307	323	319	247
177	250	143	131	183	82
271	291	234	126	178	177
1284	1450	978	932	1034	654
1165	1816	1024	805	939	833
2802	2949	1914	2256	1973	1824
174	185	156	169	104	149
346	384	343	378	270	401
0	27	15	10	0	19
89	96	89	87	64	75
601	679	499	434	352	343
70	44	23	39	11	10
263	339	178	369	344	309
612	712	429	578	566	574
5931	7226	4813	9277	10099	9070
10	22	8	9	8	6
18	43	18	15	18	39
500	430	295	764	721	719
356	248	242	201	256	161
595	553	419	478	434	576
2954	3297	2202	2528	2577	2755
3793	3392	2578	2073	2114	2186
1976	2509	1658	1763	1768	1856
200	171	111	169	125	102
10127	11382	7159	8591	7452	7193
1474	1763	1318	1607	1591	1341
7712	6666	4681	5368	5625	4859
703	717	544	683	678	687
1446	1558	907	872	906	840
2724	2917	2073	2930	3636	2988
9	5	0	13	0	0
274	210	218	291	268	274
383	353	239	225	179	279
1131	1207	751	866	762	715
9555	9051	7261	6174	6581	6161
924	802	631	485	492	471
1044	1212	822	850	796	665
429	582	257	319	328	264
146	79	55	67	82	128
68	113	48	130	112	76
344	294	253	333	257	403
451	708	514	1018	1043	920
469	644	436	711	903	691
464	308	250	201	360	295
161	154	186	152	104	172
538	524	349	498	533	409
338	231	175	212	266	253
173	186	114	115	199	151
576	600	407	396	483	354
792	763	580	788	798	686
296	333	233	332	279	250
440	372	344	414	390	322
82	77	55	66	44	58
427	409	312	336	298	319
8931	8259	5266	4701	4854	4809
81	63	97	118	96	85
125	164	85	223	309	306
125	187	110	206	208	184
46	24	36	54	72	75
70	51	31	33	64	27
323	283	251	451	428	401
345	417	274	325	270	388
194	203	166	158	301	212
433	374	327	818	1028	722
81	27	54	21	77	107
44	70	32	97	123	73
147	100	104	336	367	357
396	195	235	260	580	399
60	45	24	33	120	70
1423	1458	1123	1921	1852	1771
139	121	77	86	106	127
315	342	231	230	291	212
74	115	69	93	87	105
397	373	217	657	463	599
19	11	5	0	25	0
226	152	112	108	117	162
4	0	0	10	0	0
15	9	4	13	12	12
216	172	128	280	262	181
28	27	20	46	21	12
903	839	635	951	940	956
108	161	93	122	181	190
49	51	35	56	51	77
291	288	212	335	317	392
252	220	115	282	359	224
200	257	102	166	196	177
179	161	81	94	47	50
231	190	81	105	136	91
22	44	26	1	10	30
226	181	216	235	208	271
258	331	196	369	318	257
239	301	149	270	196	316
16	13	9	24	11	8
25	50	22	53	12	16
34	33	20	21	17	31
39	37	29	72	47	51
0	4	7	0	4	0
156	298	153	197	247	235
16	10	20	34	17	19
496	446	438	365	301	446
0	0	2	0	6	0
4	4	2	0	4	0
72	74	60	204	127	164
333	315	165	584	586	512
475	728	374	645	622	554
42	65	26	72	50	24
56	24	44	79	61	49
64	100	91	76	99	97
52	75	27	39	33	54
171	172	124	153	147	121
1359	1787	1268	1290	1447	1448
3499	3210	2374	3314	3525	2973
361	396	185	268	229	189
903	902	648	1013	1323	1189
165	119	62	87	90	87
255	257	201	172	266	300
186	193	162	126	139	132
1840	2597	1571	2094	1752	1937
205	343	168	259	240	189
2368	2328	1358	1620	1712	1507
1290	1566	870	996	1263	984
903	1035	747	1209	1127	1111
694	750	588	692	649	611
1240	1027	705	887	932	803
263	222	144	309	171	225
3	6	0	0	15	0
38	23	13	70	7	35
731	726	655	673	778	696
174	214	119	107	89	137
160	246	96	172	84	127
153	192	112	146	197	103
237	226	214	259	324	232
225	158	114	193	246	294
120	88	34	54	76	70
39	51	29	98	75	105
991	1169	866	1018	1066	1069
10340	11933	8191	8869	7583	8041
46	84	31	58	108	52
158	122	97	87	120	70
927	1078	742	901	778	835
47	50	50	60	36	26
440	388	293	451	402	364
7186	7637	5471	5436	5855	5224
704	1097	662	601	815	486
173	176	99	238	311	306
1234	1244	972	1138	1308	1150
6759	7053	4491	5122	5433	4847
101	142	117	251	296	199
247	275	165	291	248	338
8626	9897	7052	12828	12909	12580
4643	5504	3660	5121	5646	4651
18	25	9	14	25	21
248	243	113	220	215	204
5536	5153	3725	4419	4788	4015
3534	3627	2452	2158	2381	1752
29253	24824	17428	25339	22497	26747
134	130	74	97	50	101
90	45	45	58	61	42
811	997	653	587	712	712
1742	1807	1226	1807	1901	1858
6576	6812	4449	4935	4729	4893
69	94	64	92	47	26
785	917	721	1124	953	901
396	530	285	412	400	359
2315	1980	1546	1812	1770	1605
152	107	125	128	124	191
90	48	38	68	66	44
34	52	42	73	51	59
117	53	61	88	111	84
68	43	48	34	56	56
611	740	495	728	676	517
171	188	130	139	175	121
2102	2288	1502	1652	1368	1366
0	0	0	0	0	0
54	8	38	45	7	24
348	261	195	212	200	217
646	864	526	676	616	683
10093	10964	8212	9391	8807	8005
79	64	82	46	37	57
54	32	40	35	34	76
370	400	221	210	267	284
329	276	165	201	179	327
1202	1682	1046	1787	1490	1840
74	120	69	92	94	87
496	497	358	502	534	581
8807	11771	6546	9409	9231	9970
555	848	442	630	756	570
36	40	38	36	13	52
34	72	37	8	21	12
7783	8408	5398	5418	5869	5696
1021	1044	692	987	1002	990
1863	1890	1339	1568	1710	1455
960	997	696	729	741	609
668	751	567	769	548	574
1068	672	659	427	503	364
42	27	29	19	31	28
461	417	286	362	344	306
571	705	321	413	356	285
701	812	524	412	460	387
2345	3048	1932	2131	2005	2035
234	324	197	236	280	205
870	919	660	514	439	480
116	107	92	61	57	57
120	90	60	61	81	57
1032	987	686	796	642	687
99	77	107	59	135	85
60	80	77	54	69	20
46	62	49	72	35	31
49	56	36	62	19	29
1	8	6	0	13	1
260	317	203	290	357	276
525	726	459	659	708	687
1218	1365	936	1313	986	1113
1010	818	644	905	801	901
3	18	0	0	0	0
217	225	155	214	212	192
271	228	161	292	388	247
258	292	175	244	234	240
4570	4756	3413	4552	5181	3991
49	62	47	41	66	39
385	534	381	511	569	573
1544	2089	1264	1651	1300	1268
671	610	390	356	450	428
14180	16047	10156	12371	11609	12221
4933	6656	4012	2629	2317	2701
13909	14328	9472	11039	12140	11818
650	736	482	774	579	631
99	167	170	119	125	152
146	133	120	175	122	132
394	449	254	336	439	223
3558	3042	2190	2247	2540	2208
6309	6706	4663	5623	5573	5351
24671	25029	15215	20701	16775	19412
181	159	135	122	173	196
628	719	424	514	461	408
23078	21689	13374	11873	11942	11653
481	687	360	327	380	328
152	256	78	89	112	93
224	218	171	203	173	197
1427	1297	995	1777	1301	1382
934	1111	561	996	947	984
108	108	92	46	60	70
43	54	24	8	27	36
570	724	414	1008	1001	916
3	3	2	10	8	0
26	31	16	43	32	23
77	33	21	6	28	37
167	72	44	86	95	83
57	24	56	85	53	27
0	0	0	0	0	0
3	0	1	6	6	0
583	639	519	465	342	368
2539	1971	1529	1941	1514	1758
24	13	9	22	4	32
0	0	0	0	0	0
102	51	80	113	154	126
18	45	22	24	26	42
215	227	179	233	215	194
50	71	35	74	47	48
556	739	386	651	815	733
80	225	204	173	161	263
57	23	42	35	95	55
762	778	624	814	896	591
208	294	154	328	282	221
271	379	255	183	365	282
56	59	49	57	115	43
469	394	281	338	372	339
27	26	31	40	9	6
24	51	30	44	35	65
724	1085	556	1477	1095	792
306	469	289	431	373	356
611	609	513	602	773	713
436	398	294	355	379	290
56	37	32	39	6	40
58	55	34	14	32	43
128	159	131	129	86	92
1329	1307	1090	1190	1129	1045
2735	1834	1589	1468	1494	1299
27852	26934	17872	21122	17804	18290
7947	11271	7257	8344	8839	9404
839	851	635	828	879	809
217	191	154	204	179	184
280	302	218	133	201	185
302	418	242	227	255	246
2136	1934	1395	1193	963	924
3287	2046	1480	1258	1321	1159
149	157	97	137	135	99
264	324	196	243	322	311
264	204	166	228	283	88
1469	1489	1016	1513	1439	1448
3765	4297	2817	4231	3768	3486
1519	1517	1014	1325	1203	1540
158	43	45	130	57	118
195	188	151	155	195	108
302	337	294	330	377	315
307	253	178	197	241	181
57	31	21	8	23	22
549	496	469	445	489	407
1450	2001	1176	1372	1179	1466
988	1428	860	909	678	582
561	523	354	441	362	393
1775	2411	1570	1766	1688	1560
64	27	22	18	27	16
0	0	0	0	0	0
4	15	17	22	23	14
670	574	436	407	296	329
25	8	12	17	44	4
1109	1076	727	1075	1142	963
8637	9493	6899	10405	9304	8520
3053	3924	2400	3986	4029	3993
1382	1543	882	982	821	868
296	161	183	115	134	88
161	167	123	118	141	117
1	0	0	0	0	0
2346	2482	1696	1628	1844	1478
19	7	14	28	23	9
54	34	46	82	39	16
130	173	110	75	66	130
722	671	503	458	615	410
3030	3916	2087	2604	2041	2760
774	898	504	699	715	529
1760	1949	1261	1334	1521	1348
0	14	0	0	0	0
727	795	646	543	672	540
254	254	153	406	356	410
1008	1006	684	892	953	918
235	125	159	192	202	237
169	146	143	111	145	95
1215	1417	988	899	704	812
342	345	281	222	216	210
4526	4586	3113	2456	2440	2585
2	1	17	3	11	1
22	20	71	19	47	23
0	0	0	9	0	0
54	44	28	56	17	28
1281	1454	869	1331	1129	907
8402	9128	5851	9226	10815	8534
65	74	37	20	56	23
194	264	131	135	131	62
171	141	149	65	45	97
333	324	267	336	359	362
2819	2748	1835	2125	2108	2033
775	807	638	870	836	647
725	882	646	627	619	638
3322	3817	2546	2458	2732	2505
1876	1869	1257	1319	1463	1281
1200	1502	927	960	1100	817
382	372	254	160	181	182
627	565	566	242	322	309
74	60	57	36	7	60
1581	1320	1168	591	736	716
28	18	8	30	49	13
195	216	191	169	153	108
99	89	78	62	47	64
585	468	359	545	344	412
3108	3945	2602	3062	4012	3525
12	22	10	10	12	1
1052	1322	690	878	869	748
122	175	116	58	46	64
912	804	559	958	974	633
457	460	293	435	652	406
154	189	172	96	158	141
0	5	0	12	0	0
473	546	423	627	599	554
1816	2523	1617	1739	1829	1910
22	12	16	15	14	19
35	74	27	17	39	62
0	0	0	0	0	0
80	64	31	47	27	59
5544	6509	4189	6163	5613	5847
3197	3695	2451	2884	2803	2434
3525	4225	2795	3511	4046	3661
432	362	272	201	341	236
397	375	218	229	255	213
2997	2586	1805	1486	1737	1526
63485	59568	43323	28016	31670	29313
82179	73798	49094	30631	29798	28075
144419	121608	86869	64336	59348	56391
6894	4828	3668	11324	11353	9991
14680	13048	8698	12422	12819	11505
4804	4660	2968	4039	3876	3319
1026	877	789	826	974	848
558	619	518	488	557	450
3915	3334	2202	4008	4119	3645
17723	15836	11407	9270	8900	8651
31781	37033	26630	34768	37825	37044
30031	36938	23217	28416	26565	23382
3	22	0	24	5	6
15	13	9	4	13	0
160	141	148	123	151	89
29	3	15	10	17	11
1552	1295	994	683	688	614
6968	5911	4077	2755	2063	2424
1544	1301	1030	661	666	438
1223	774	634	325	289	371
511	541	326	259	196	223
43949	43601	27224	24553	20761	20977
2	0	15	15	6	9
941	1439	909	1056	1133	753
6957	6744	5070	5529	5580	5792
4899	5111	3388	2811	2562	2736
700	719	516	673	945	734
619	515	428	420	394	359
7297	8860	5774	5995	7111	6167
3232	3511	2360	2662	2626	2587
3	0	5	0	13	39
157	114	91	12	15	28
2897	3169	1870	972	910	885
620	653	513	273	344	298
148	183	105	39	81	70
1	2	0	13	2	15
409	390	223	262	166	233
702	600	449	696	579	536
362	345	214	224	226	190
107	135	95	79	132	68
456	519	228	352	383	322
473	488	349	471	423	497
87	111	119	173	99	97
2702	3266	2296	2419	2483	2493
79	68	46	95	50	52
281	371	230	233	328	239
2268	2296	1585	2287	2594	2580
2655	2853	1916	2369	2415	2321
128	174	144	116	110	142
548	584	343	472	508	363
997	1119	650	816	649	614
52	58	59	60	55	67
367	361	246	270	254	227
39	40	34	23	21	28
65	66	63	74	70	82
1428	1357	1016	1196	1528	1161
127	55	50	60	89	97
499	862	518	570	358	482
0	0	0	0	0	0
24	23	13	14	16	49
544	333	279	253	302	248
670	728	522	720	651	682
384	273	258	300	289	255
2407	2421	1525	2318	2476	2193
378	503	336	451	501	519
5634	4115	3565	3496	2979	3101
235	198	155	290	146	282
1939	1889	1338	2342	2016	1759
880	1187	632	1049	1019	1056
2324	2794	1698	2120	2215	2013
34	12	36	22	23	8
767	801	461	515	508	562
4083	4566	3164	3634	3415	3154
252	494	326	482	540	409
902	1270	703	833	868	762
779	713	504	552	506	534
384	390	326	311	342	283
127	77	44	153	116	51
13	5	11	0	0	3
67	59	49	36	26	49
145	94	77	102	99	115
72	90	107	90	44	127
715	620	445	412	529	434
1249	1311	1017	861	866	859
1350	1465	958	1067	944	957
1373	1781	1116	1064	964	960
1476	1678	1115	1268	1193	1361
3969	3848	2808	3389	3585	3133
34	30	11	67	29	65
1566	1913	1395	1544	1569	1657
1219	1329	1064	1313	1213	1260
879	986	655	1179	1019	1166
488	372	326	226	177	220
322	313	195	74	117	93
78	130	78	57	28	44
584	510	389	436	304	324
61	70	40	9	50	21
225	349	151	396	432	530
7	1	3	0	0	0
2	0	1	0	0	0
0	0	0	0	0	0
46	34	27	25	85	83
0	0	7	0	0	17
0	0	0	0	0	5
0	0	0	0	0	0
8	4	0	4	0	7
20	0	7	14	2	12
8	7	32	7	0	3
1	0	12	0	0	0
0	0	0	0	0	0
587	718	429	496	452	366
514	526	359	363	259	287
49	93	52	74	42	35
223	192	145	110	125	101
858	893	746	703	657	634
2363	1794	1395	1204	1278	1243
1755	1879	1369	1592	1402	1436
967	1008	652	591	614	614
223	299	237	156	190	138
54	15	43	44	33	33
15	33	16	72	24	17
388	433	314	298	412	344
132	124	97	79	86	80
2667	2835	1914	3565	3502	3074
210	228	146	273	218	259
277	291	207	282	248	398
243	253	163	144	221	157
90	119	39	28	80	23
135	171	108	137	157	133
478	460	292	513	457	490
1283	1065	821	987	962	791
2169	2358	1556	1975	1544	1597
45158	54009	32622	50969	43834	45656
144	139	130	212	288	291
48	58	41	65	28	47
55	34	29	32	30	24
2045	1420	1066	1395	1132	827
10629	8569	6021	6111	5287	4856
1858	1229	989	684	722	480
3504	4344	2782	3005	3235	3186
11253	8711	6870	7692	8927	8224
827	897	580	901	857	840
220	240	205	160	264	295
1391	1066	952	1285	1261	1373
11	0	7	0	0	0
310	391	254	422	397	446
3572	3811	2592	3899	4554	4286
1033	874	736	984	758	839
3584	4361	2793	3786	3465	3623
1488	1075	801	1585	1875	1602
5	3	0	0	0	0
655	638	478	604	651	738
535	557	290	569	486	629
613	704	539	432	493	500
542	564	322	407	450	340
4	0	1	0	14	13
196	231	113	184	224	193
176	216	127	273	216	221
192	240	146	378	244	326
109	93	81	130	99	145
493	476	329	487	367	462
35	35	15	20	28	28
5	8	13	4	9	27
238	282	177	135	153	158
4	6	8	11	0	14
14	51	11	17	29	25
113	84	54	93	101	63
1924	2046	1551	2301	2476	2465
203	218	138	299	220	265
536	536	372	197	417	293
339	415	335	363	227	365
1005	1342	841	1223	1186	1066
105	96	86	117	156	120
467	516	330	556	560	474
57	72	48	85	55	92
79	71	64	46	54	66
209	182	192	709	671	510
454	542	425	1402	1097	992
37	38	54	142	153	72
397	590	423	949	861	719
288	465	333	713	692	577
933	1099	683	1944	1511	1518
481	489	314	618	690	583
0	0	0	0	0	0
0	0	0	8	15	2
199	127	92	150	158	81
394	353	280	338	379	349
2532	2525	1620	2191	1691	1643
3057	2511	1862	2187	1763	1915
8519	9286	6424	9516	8328	8635
1694	1799	1296	1303	1223	1275
53	53	64	32	34	60
19	47	13	34	71	30
5592	5731	3644	4498	4225	4634
80	39	45	40	61	39
1884	2239	1440	1459	1500	1238
118	150	126	66	53	137
572	710	482	476	536	555
117	153	98	97	144	216
3116	3592	2235	2442	1919	2190
801	1084	705	663	636	719
476	443	257	365	287	360
59	42	27	120	125	112
47	31	27	54	20	43
0	0	0	0	0	8
8	13	7	0	8	4
0	4	2	6	0	0
23	12	3	25	17	15
9	1	3	6	11	20
0	0	0	0	0	0
2233	2502	1793	1798	1688	1536
0	0	0	0	0	0
17	20	16	11	23	24
3297	3347	2436	2483	2981	2589
702	674	502	425	500	482
1296	1465	923	1037	1189	1297
0	0	2	0	0	0
976	1226	711	762	929	756
278	380	189	140	114	165
4	3	13	17	8	0
3641	2803	2526	3464	3981	4188
4	13	16	47	29	24
8	3	0	5	0	11
0	0	0	0	0	0
4927	4661	4241	12261	14948	12204
12	10	8	8	11	11
1834	2026	1779	5495	6241	5502
2220	2805	2329	8487	9842	8070
1067	1316	801	1169	1378	1398
192	232	168	229	285	254
194	188	160	273	308	257
24	33	8	17	10	13
79646	62289	43950	7986	8166	8084
7417	6549	4479	1261	859	1077
59	70	35	59	27	91
2252	1985	1284	291	277	336
298	344	142	60	36	74
2168	1961	1236	927	598	743
3167	3272	2207	3893	4245	3623
3001	3062	2209	4598	4601	3442
3802	4587	2652	3585	3247	3250
1839	1950	1399	4424	4182	4246
51	34	18	49	12	43
648	699	459	816	759	478
93	104	55	65	99	63
654	576	410	619	568	460
1870	1673	1109	1630	1653	1522
5388	5361	3443	4876	4607	4233
1457	1380	838	1305	1205	1186
1743	1579	1180	1468	1487	1618
10596	10746	6757	10062	8982	8263
1699	1636	1359	1902	1828	1850
901	752	593	942	1104	841
12164	14084	8905	12448	12049	11280
578	340	387	382	485	420
1965	1998	1533	2645	2438	1875
14892	15496	10208	15885	14989	13879
1775	1634	1243	1914	1646	1664
300	325	139	194	270	251
261	134	200	219	204	223
989	810	607	1043	986	931
133	103	60	98	88	114
35	13	18	36	31	33
76	37	64	95	75	42
153	130	128	158	172	97
48	34	23	89	45	65
62	64	86	58	75	59
56	68	41	57	53	58
64	51	34	43	47	38
48	25	15	20	19	16
171	149	79	55	110	91
6916	6312	4496	4600	4008	4273
166	194	107	102	158	132
1137	1070	641	1218	997	1606
33	34	4	82	69	81
259	126	142	167	131	171
341	178	156	256	221	180
34	29	31	35	92	52
36	31	8	31	14	16
0	0	0	3	0	0
0	0	0	0	0	0
33	41	19	9	12	20
6	5	7	9	11	0
519	580	317	486	442	554
143	207	119	147	183	208
4	0	3	9	0	0
504	522	246	398	483	483
98	80	100	138	166	120
0	16	13	6	5	4
117	149	103	83	110	112
25	88	44	46	33	30
665	730	583	534	757	532
3460	4677	3114	5599	4601	5571
76	68	88	124	131	83
64	109	62	94	84	44
0	9	4	3	2	0
0	7	2	8	4	10
0	0	0	0	0	0
16856	18080	12266	12264	12997	13259
311	229	185	161	182	161
147	138	30	158	131	53
0	0	0	10	18	5
49	69	43	72	97	39
10912	11995	8223	11491	11859	12542
0	0	8	3	5	0
9	0	6	4	4	5
1050	1073	671	990	898	857
152	145	120	184	175	75
244	295	161	273	210	186
309	371	250	372	242	221
306	255	173	230	171	237
307	232	187	281	270	209
304	269	185	221	245	294
155	215	144	149	246	195
15	25	14	19	12	27
3457	4181	2714	3291	3424	3073
1996	1843	1136	1572	1645	1661
805	982	722	999	1047	959
783	898	588	888	681	834
178	236	179	208	194	224
27288	28411	18284	15312	16480	14498
277	270	207	220	275	203
32255	36627	22925	34780	28597	29494
4527	4292	2734	3980	3617	3076
14192	13388	9416	14100	13874	13671
101	113	63	145	181	80
2508	3000	2026	2675	2739	2823
57	58	32	25	41	50
462	609	380	375	353	544
48	82	48	61	87	59
2797	3472	2491	4033	4600	4208
1343	1499	968	1174	1171	1121
190	153	133	93	129	129
208	260	165	314	243	136
607	741	460	654	625	632
1489	1278	907	1186	1171	1115
2444	1812	1539	1806	1913	1863
7	8	2	0	17	10
1585	1758	1056	1300	1150	1213
203	94	76	115	137	149
831	1073	525	822	617	916
184	202	184	185	222	112
3333	3957	2553	3361	3385	2508
263	204	228	236	185	171
1014	1559	758	800	748	856
78	133	41	78	78	78
244	161	104	84	143	96
928	904	586	702	700	474
72	105	43	111	106	77
283	178	119	159	196	137
108	100	126	275	281	212
63	103	50	75	78	112
154	179	142	189	188	152
3920	4416	2948	3257	3315	2838
1154	1204	785	1658	1856	1480
35	28	19	54	42	74
525	510	480	450	508	410
1145	1119	770	736	822	741
2429	2459	1752	2102	1907	1746
5310	5816	3986	5164	5466	4979
171	128	102	146	83	92
32483	26020	19447	29117	29635	25446
4006	2383	1691	4439	3778	3467
167	83	75	172	132	141
330	222	253	592	421	360
2860	2048	1449	5130	4604	4374
176	220	153	134	220	118
332	407	348	530	481	460
7112	7738	5070	6837	6558	6089
168	180	199	226	197	146
7172	9485	6355	7125	5950	5909
1125	1321	790	1125	1095	1171
96	89	60	55	67	86
833	440	538	378	423	315
995	1422	935	1142	1049	1166
12120	13022	8730	9597	9790	9490
70	58	34	47	55	13
612	647	441	541	503	425
1285	1203	811	822	903	823
420	386	313	346	333	324
734	713	524	756	707	649
2617	2060	1630	1464	1328	1519
506	553	357	271	267	253
4995	5083	3224	8075	7531	8643
2253	1929	1577	3184	3224	3138
229	254	169	176	187	190
3617	3726	2843	3535	3486	3480
8883	11801	7441	12204	13016	12432
540	536	395	335	330	373
486	520	363	360	476	346
343	340	197	181	178	179
1715	2325	1688	1435	1917	1544
8	27	0	0	17	28
52	21	20	18	0	17
400	384	340	320	292	350
24458	25430	17664	22106	22004	20063
10644	15085	9109	10905	12151	11720
142	144	84	83	141	99
3316	4240	3051	4823	4867	4670
1908	1907	1513	1806	1714	1742
19283	19698	12713	16447	15010	13715
32	13	11	40	51	18
60	30	23	18	15	44
38	44	28	81	74	75
0	6	8	13	10	32
680	901	526	1158	1209	991
119	88	49	84	86	60
567	614	480	434	479	550
301	376	245	358	373	250
22	1	18	14	14	20
16035	14732	11295	19874	17246	18682
1726	1676	1163	1867	1681	1615
487	492	398	585	503	433
214	184	119	153	153	137
6501	6677	4463	3780	3861	3819
339	379	181	141	138	204
1168	1311	825	329	386	394
13266	12415	8222	2043	1972	2201
979	935	746	764	571	638
327	407	161	179	252	186
724	955	627	775	613	524
690	630	470	483	449	472
636	718	462	516	537	531
500	513	434	417	421	339
684	806	562	449	515	502
2682	2711	1680	1992	2171	1825
1002	1373	832	739	845	728
42	27	18	39	17	53
19	19	4	10	10	11
107	63	47	35	36	34
130	95	89	168	128	129
480	551	417	549	492	457
211	257	154	240	269	246
93	104	94	84	68	91
777	791	567	760	738	750
857	736	484	540	655	632
3235	3033	2132	2013	2275	1625
5214	4267	3415	4718	4347	4174
119	143	92	191	222	142
56	44	67	71	20	42
151	109	82	157	283	243
673	618	512	1462	1454	1603
1486	1377	976	3078	3665	2949
574	444	322	1338	1428	1434
96	116	57	73	128	34
8	3	11	6	11	7
65	57	33	81	87	43
269	303	152	311	264	300
2155	1844	1501	1631	1795	1456
1328	1372	971	775	850	689
197	428	140	282	217	233
212	211	134	140	128	129
11	5	5	7	14	8
182	60	105	176	30	124
37	49	14	6	17	14
572	687	424	629	592	659
574	674	550	608	606	580
975	851	754	818	779	757
528	497	326	451	346	371
2524	2774	2034	2037	2192	1918
2406	1798	1341	1410	1553	1449
1154	1076	627	660	681	616
298	244	176	168	161	179
59	31	27	55	25	72
90	76	19	56	47	65
0	0	0	0	0	0
68	98	81	76	87	69
0	4	3	0	0	0
0	0	1	2	0	0
0	0	0	0	0	0
3	7	0	0	5	0
0	7	11	19	10	4
41	46	17	12	25	30
7	0	0	0	0	0
22	7	4	25	15	14
303	312	285	791	694	814
24	17	20	1	46	23
485	354	263	307	220	294
0	5	2	13	14	1
73	96	49	60	72	98
105	101	72	90	132	49
97	77	52	91	79	60
27	37	5	23	33	21
264	200	171	228	254	163
102	142	91	145	151	106
103	73	69	97	57	100
7197	6748	4403	5064	4487	4564
369	537	290	327	159	309
289	179	177	148	174	194
191	165	174	314	255	195
293	283	228	405	342	362
640	628	501	603	543	666
735	649	497	531	552	404
1061	1066	666	817	914	818
11	30	21	18	2	29
333	375	204	193	107	204
5765	6028	4494	5207	5648	4642
422	416	186	305	284	398
203	159	112	116	181	128
504	677	469	585	443	468
80	84	80	138	81	47
184	252	192	223	288	186
94	78	47	42	26	77
752	1006	648	660	631	501
37	38	34	49	42	20
904	883	568	816	816	761
219	169	118	163	160	101
392	292	197	215	202	188
135	168	150	179	260	341
1214	1611	920	1461	1740	1404
744	855	519	636	598	570
222	239	138	171	131	119
75	69	33	51	59	40
76	33	34	57	20	36
29	72	26	19	24	13
531	663	427	383	360	280
209	177	131	160	175	135
118	88	112	167	103	80
201	180	168	137	198	176
964	776	508	563	523	661
5984	5547	3737	3535	3363	3367
355	487	270	497	591	532
26	21	4	27	17	16
877	864	605	534	561	560
279	237	141	178	195	211
34	44	20	18	42	18
151	237	121	241	278	172
1202	1766	897	1797	1593	1687
239	235	120	148	147	190
5224	5106	3684	5587	5224	5019
764	901	522	976	705	798
8210	8547	6057	7269	6894	6270
36	58	35	41	46	41
1154	1230	931	1136	1510	1314
2590	2580	1536	2285	2520	2489
654	557	508	533	395	412
16	6	15	19	6	15
32	35	23	32	44	27
348	461	410	292	285	358
615	738	513	410	609	359
1379	1608	1003	1225	1076	1156
108	87	64	25	92	77
179	150	125	152	167	133
210	148	136	150	142	99
731	635	519	498	569	509
33	4	29	18	10	13
122	157	134	96	111	151
743	510	392	331	308	218
1062	1069	751	873	887	682
20	4	21	48	9	19
8	33	1	9	21	11
32	32	58	56	31	55
883	931	647	915	830	870
81	157	86	144	108	168
362	481	297	317	209	247
266	225	124	166	197	124
824	990	678	652	625	516
165	157	167	184	171	250
351	258	222	159	149	205
550	497	355	252	298	231
84	171	39	27	40	45
769	828	411	506	475	575
696	955	720	501	530	484
26122	31037	19959	12240	11275	11118
5	0	0	0	0	7
152	97	77	85	94	71
13	5	10	7	7	6
56	43	23	12	50	29
78	81	55	14	32	58
22	16	12	8	8	5
57	43	19	12	70	26
1043	1148	1061	1000	1000	925
238	254	188	261	218	175
648	636	387	312	288	435
132	105	81	69	80	97
836	1073	721	552	450	573
880	894	649	509	688	590
5408	6611	4434	3455	3204	2965
24512	30911	18767	16989	16372	17731
19725	23694	15042	12997	12249	13638
2351	2087	1679	1063	1393	1405
259257	244878	167697	214366	209681	224128
125256	150901	96150	106268	120008	120449
115	146	89	108	118	83
2436	2144	1389	1717	1908	1660
12248	15718	9808	13187	14725	12993
709	717	528	510	609	530
34	39	0	3	6	15
642	524	440	553	565	403
1061	1073	618	981	987	939
0	0	0	0	0	0
178	224	95	140	194	157
175	72	81	91	75	114
2	13	4	0	0	0
185	209	136	183	114	121
19	3	0	0	5	21
2	0	3	12	0	0
10	4	9	13	21	8
472	453	361	490	540	282
737	620	521	446	493	464
207	184	183	152	169	179
122	124	72	111	84	69
154	233	120	267	232	134
179	207	124	275	189	221
13	0	10	0	0	8
13	36	48	41	44	26
16	25	7	25	18	12
368	296	238	236	199	221
4	0	3	6	0	0
46	61	27	36	33	12
90	87	51	87	66	97
19	39	5	32	49	30
0	5	10	0	0	5
102	85	66	44	64	107
455	381	228	292	278	364
589	767	573	784	799	790
3454	3292	2480	2433	2722	2421
10787	10521	6877	6613	5925	5776
1363	1766	982	716	832	860
1578	1433	1147	1275	1317	1030
696	656	465	563	548	382
2088	2685	1690	1539	1921	1751
123	191	82	105	194	114
87	82	66	62	32	44
128	165	113	131	102	170
46	45	39	47	19	52
2105	1970	1497	2019	2358	1692
2004	2183	1346	1832	1703	1756
635	657	493	573	833	685
191	281	125	265	234	253
175	236	141	219	168	253
512	559	403	575	604	473
1597	1761	1152	1403	1523	1465
420	450	334	379	369	387
476	592	268	312	418	444
412	491	266	240	294	250
1028	833	556	831	806	645
24	61	38	61	62	30
122	123	80	107	70	105
104	123	75	163	164	184
215	326	195	250	246	304
297	316	212	362	368	356
439	479	254	418	405	521
34	51	38	78	20	17
204	106	91	121	131	75
633	406	335	675	563	686
1501	1238	1038	1020	1036	851
14	12	12	20	12	7
84	92	56	100	76	101
16	6	1	11	7	17
114	105	45	125	106	92
144	120	102	137	190	190
145	128	69	77	46	122
163	106	139	121	172	154
0	0	0	0	0	0
1227	1486	1085	1435	1399	1576
159	129	89	103	69	87
206	265	108	254	185	206
1757	2008	1378	1682	2147	1740
7327	6913	5807	4702	4458	3925
35	39	36	86	61	30
5	20	33	17	22	29
12736	11004	7619	12980	13850	13196
122	51	83	84	178	75
406	349	222	201	293	239
24	7	1	8	10	6
4	12	0	5	0	9
272	306	240	374	455	276
148	167	89	139	144	146
102	81	50	116	106	128
371	449	346	393	396	283
100	95	78	130	148	136
270	257	229	339	334	321
120	135	51	106	98	104
332	311	249	389	442	335
264	212	151	242	251	289
225	153	142	242	231	186
88	69	49	78	133	106
17	25	17	16	53	45
117	80	60	102	71	145
2815	3054	1888	3213	3593	2810
197	178	232	351	267	323
376	367	238	337	506	468
57	87	50	156	135	157
216	126	170	142	209	190
629	705	386	528	532	530
511	833	364	595	630	589
0	0	0	0	0	0
957	1296	704	1040	1018	1211
946	1158	771	960	861	784
1943	2048	1340	1842	1601	1619
243	309	250	479	412	298
3439	4021	2492	2469	2587	2373
559	606	331	502	452	332
5462	5833	3227	3874	4163	3778
365	276	275	285	319	298
384	423	165	297	290	289
671	481	387	512	554	426
839	783	583	831	887	702
2723	3264	1703	3503	2584	2826
40	84	59	148	58	108
567	534	409	558	544	625
299	252	231	300	280	243
28	16	33	40	29	62
45	78	38	63	75	71
71	72	46	81	109	57
198	311	166	373	444	209
99	146	122	179	186	158
1061	1123	861	1061	1548	1340
458	560	334	532	664	565
330	378	214	630	567	433
25	54	38	18	72	49
265	228	182	374	465	291
123	103	92	48	27	64
1202	1360	854	1088	1070	897
277	284	146	283	209	160
71	54	28	53	82	48
754	798	597	398	503	368
1449	1692	915	842	737	848
796	845	712	1153	1193	916
4890	5303	3965	6383	6173	6023
1130	696	620	904	1068	939
1344	1457	1128	1271	1515	1390
2455	2534	1607	1841	1556	1551
112	92	64	58	160	100
6049	5949	4247	4882	4793	5297
706	908	691	1223	1147	1112
310	403	229	225	270	223
332	233	182	109	107	135
101	58	32	77	30	23
903	1083	782	1000	971	845
2489	1985	1583	1792	2037	1865
90	132	89	110	76	113
688	570	496	567	527	423
30895	26709	18756	21398	21249	18724
790	574	470	387	486	344
442	484	375	219	273	333
179	229	137	245	180	126
196	188	127	106	142	146
883	862	517	603	532	548
975	1086	668	868	708	720
2803	2839	2016	2621	2578	2448
180	166	100	226	260	248
213	156	138	202	181	188
190	114	121	155	93	115
91	40	16	81	44	73
533	440	323	449	532	422
4223	3975	2944	3726	3944	3675
63	40	42	83	29	86
1422	1258	1015	2958	3008	2598
91	187	123	398	349	333
777	935	635	2693	2762	2278
19	7	7	36	16	32
12	10	1	12	8	4
396	391	318	413	339	434
257	310	195	517	424	398
14	0	7	1	0	10
79	65	52	57	63	77
27	20	19	3	4	12
35	14	4	11	21	13
384	383	363	453	338	387
244	137	141	189	169	168
66	111	60	36	67	59
499	359	306	289	373	311
2857	3166	2036	2769	2726	2820
163	140	87	129	121	136
216	148	200	177	203	242
181	202	176	110	113	121
94	135	58	97	147	85
48	41	56	29	56	40
1247	1728	1070	2012	1876	2105
395	361	305	277	284	241
121	65	91	59	37	70
23	0	3	17	5	22
19	0	17	4	7	0
30	32	14	14	6	13
217	259	133	184	229	145
1519	1063	830	934	942	1078
6	0	6	0	4	0
0	0	0	0	0	5
0	0	0	0	0	0
167	167	80	111	158	151
3667	3934	2580	2908	3154	2795
13130	12892	8769	7002	6827	5716
1919	2446	1316	1890	1647	1397
6639	5247	3911	4523	3938	3955
118	79	72	64	99	126
64	62	44	26	27	27
18384	19735	12401	17423	15187	16574
6	0	0	0	7	0
1	0	4	0	0	0
33	58	22	18	13	26
19	16	7	29	19	5
11	5	7	2	3	0
8	0	6	0	0	0
28	10	16	18	31	2
34	18	14	28	9	12
86	91	70	70	44	62
29	37	40	79	47	18
2148	2191	1758	2277	2202	2142
0	0	0	0	0	0
65	80	65	65	55	36
512	366	459	383	486	523
74	73	66	53	28	87
210	244	132	172	134	101
488	373	242	263	233	253
4	5	7	10	36	7
12	43	19	32	12	10
130	64	84	111	106	75
1401	1319	896	907	825	1027
518	566	296	423	351	338
48	106	61	49	75	24
254	407	206	296	215	231
132	238	203	118	126	239
430	404	373	324	290	334
397	422	270	280	418	258
585	445	368	309	370	267
116	109	78	85	88	97
8961	11521	7730	10646	10252	8667
805	770	461	609	549	652
169	132	100	175	221	164
546	811	478	851	828	1009
2641	2465	1664	1854	1941	1734
3523	3357	2383	2262	2523	2403
109	126	53	82	63	48
14675	15302	10940	13129	14517	11814
1945	1838	1399	2351	2329	1911
2290	2445	1635	2621	2204	2548
435	505	361	343	377	296
87	36	32	20	11	30
113	144	66	137	102	102
3015	3428	2474	3430	3268	3152
12518	8816	7516	9469	9729	8283
969	908	528	599	619	506
5949	5947	3752	4264	3973	4450
2078	2185	1465	2121	1787	1719
1462	1856	1013	1201	1380	1156
907	1038	621	744	796	744
360	367	243	335	341	330
461	569	409	321	342	306
472	358	334	390	333	403
582	657	438	724	770	685
541	491	415	552	456	489
4472	4416	3332	6633	5829	6415
375	285	304	414	407	370
388	306	276	365	493	425
163	182	111	167	262	266
358	454	270	381	438	420
1030	948	529	924	916	757
74	153	109	130	120	149
65	43	49	60	59	73
980	760	621	775	704	762
310	276	201	197	208	176
1564	1581	1059	1400	1495	1382
1468	1356	1127	968	948	855
3256	3076	2016	1622	1687	1723
1380	1196	969	1126	990	986
0	0	0	0	0	0
430	422	283	239	207	280
133	212	144	106	73	112
334	357	204	263	331	301
174	246	162	162	221	242
762	845	577	765	583	662
1286	1065	807	855	844	846
210	162	154	142	121	101
6952	6959	4362	3587	3715	3558
467	524	337	344	433	349
618	397	361	365	324	299
1529	1454	944	803	1041	996
1762	1246	1114	815	1120	1018
75	69	72	56	87	57
947	1482	930	1737	1731	1616
347	303	225	358	392	445
676	763	568	425	463	516
649	657	374	423	444	345
1102	1128	784	1120	1157	936
893	1073	642	1052	903	794
1135	1277	779	1089	1158	1345
436	326	332	435	319	445
185	197	161	380	209	252
364	397	356	620	712	674
410	436	268	356	523	511
198	156	108	167	197	180
454	639	377	350	256	298
181	163	131	52	91	81
133	98	51	34	25	76
1604	1396	898	913	773	595
824	731	565	479	560	322
3072	2007	1468	1101	1736	995
33	32	8	24	33	0
356	417	274	352	356	325
29	0	3	11	0	9
14	4	2	12	14	21
25	53	26	30	17	65
354	313	235	326	372	335
1262	1177	978	1902	2449	1956
7	15	2	2	16	0
12	10	1	5	29	6
81	83	44	60	43	72
362	327	300	451	378	475
1186	1102	841	1258	1316	1111
176	225	199	175	145	163
235	244	133	237	191	190
1248	1517	1134	1168	1051	1098
1130	1064	758	867	992	842
46	54	63	59	26	59
243	206	193	245	241	186
321	441	163	305	375	254
479	409	276	378	297	401
49	67	55	27	39	11
134	117	80	69	84	63
220	202	109	308	293	299
503	716	373	503	536	513
174	112	98	159	117	180
7	0	5	14	16	8
368	521	303	547	358	280
241	352	242	365	269	296
52	54	17	19	11	25
89	82	24	78	58	68
7	6	13	7	6	0
1038	1184	870	919	1048	908
13	18	30	28	29	0
3283	3732	2429	4774	4270	3919
1460	1759	1035	1397	1288	1415
42855	38223	27388	31345	34324	33427
333	495	262	372	412	408
139	80	104	123	97	107
2143	2093	1421	1683	1757	1493
2747	2880	2098	2594	2708	2324
721	658	496	404	582	433
28921	29449	19920	22677	23155	20807
912	1103	790	1010	984	758
1717	2141	1359	1728	1653	1466
158	168	123	120	83	169
128	146	73	92	75	74
189	158	72	167	92	83
55	62	53	33	43	33
804	752	558	437	473	413
1722	2062	1118	1174	1207	1293
1059	1218	906	868	856	1022
1811	2661	1879	1942	1789	1674
4258	4991	3705	2066	2100	2448
1660	2119	1512	1207	1334	1225
562	719	578	487	491	605
138	82	97	151	109	109
0	0	0	0	0	0
4542	5071	3300	3469	3313	3236
19048	18001	11948	13999	13641	12656
10975	8374	6145	7025	6809	6947
3620	4072	2614	3509	3337	2997
586	501	421	409	413	479
39520	44299	29616	31231	31320	29106
3943	4475	3303	2526	2672	2491
113	154	87	92	78	82
180	238	148	109	110	166
10344	10684	6901	5271	4826	5391
3374	3020	2128	1808	1913	1955
54316	41573	31920	42261	44158	43665
5669	6141	4262	3714	3561	3191
3	12	0	0	0	0
1446	1583	971	1275	1139	1174
7	10	10	7	7	4
337	396	256	325	339	206
248	279	173	224	160	255
137	146	69	94	101	89
922	850	527	618	516	651
239	150	96	131	126	168
1101	1009	871	745	810	812
64	66	48	40	34	40
2958	2957	1978	1355	1629	1596
856	934	631	1083	1141	917
3113	3911	2546	3123	3008	2930
525	726	577	678	847	847
121	172	131	156	226	181
1820	1631	1520	1745	2006	1998
414	380	241	305	297	275
580	718	492	624	523	476
73	77	65	96	72	105
182	156	205	109	94	84
7	31	18	5	11	6
24	17	12	2	0	6
41	66	29	52	16	52
245	182	168	148	159	169
250	257	154	254	193	268
7254	7518	5558	4362	4569	3993
2083	1837	1481	1110	1258	1005
176	205	142	209	175	123
737	956	536	787	621	620
13	3	24	20	25	51
18	36	45	40	34	49
13503	12998	10034	14889	17419	16097
1423	1618	1059	1523	2018	1639
201	208	173	155	197	113
35	3	0	11	11	16
28	26	25	39	36	67
7	0	4	0	0	0
14	7	5	1	0	0
0	0	0	0	0	0
92	54	50	58	51	56
487	526	300	386	421	335
181	135	115	158	158	167
2044	1468	933	1283	1300	1385
1948	2944	1833	1755	1767	1867
42	32	29	29	4	24
431	782	540	866	881	705
863	754	620	507	651	720
1239	1231	1022	1133	886	996
120	132	71	131	119	64
1131	650	546	626	771	740
256	228	182	469	313	385
9182	10632	7653	13428	14197	15207
1410	1433	945	923	1080	1107
701	798	538	539	614	466
160	188	117	154	106	117
991	1073	693	973	924	911
715	825	509	508	611	520
14878	19103	12503	13040	13039	12009
61	100	43	56	66	72
179	207	152	128	110	166
324	204	208	113	176	143
1031	1169	925	830	835	653
1810	1525	1280	1496	1670	1759
6250	9946	5847	8437	9809	8478
8043	9499	6143	7812	8123	7746
12957	14784	9859	14021	14557	12837
48276	49920	34073	46240	47552	40940
136	172	123	156	172	238
3289	3048	2535	3255	3470	3139
2746	2629	2127	2719	2989	2773
20683	23538	14905	23658	23795	20907
6872	4920	4273	6563	7595	6519
570	614	449	653	620	573
66990	56024	44345	46482	49710	45998
808	725	556	647	794	616
3233	4180	2972	4632	4983	4433
23168	24480	14804	20947	18962	19103
187	238	145	291	159	177
484	391	338	395	495	375
2253	1478	1245	1181	1291	1352
1830	1361	859	1168	987	1005
827	534	504	378	395	390
4206	5662	3772	4470	4310	4648
99	78	75	118	68	81
126	81	93	15	132	45
617	789	640	615	566	655
124	131	90	114	141	145
215	146	117	199	175	227
891	540	569	533	533	505
57	48	55	75	5	44
76	54	52	62	62	84
2611	2714	1528	2133	1981	2155
114	73	105	100	67	68
393	340	277	265	234	222
144	170	78	140	150	126
556	600	406	369	325	346
67	90	66	74	69	34
829	1018	472	654	718	660
101	101	65	32	51	60
8	0	3	5	5	1
80	90	90	43	93	56
811	799	523	447	486	345
3	10	0	7	0	0
117	87	45	28	37	14
64	41	29	38	63	59
312	333	205	209	251	192
14	0	1	0	0	0
4113	3555	2852	3470	3684	3006
4008	4345	2824	1882	1936	1833
4489	5114	3215	4009	4214	3480
175	152	103	133	98	81
295	196	163	170	186	195
700	698	454	584	663	532
112	82	105	118	125	136
521	633	443	305	484	366
326	412	324	362	342	470
309	316	206	246	228	167
2992	2917	1911	2067	1605	1565
12299	11843	8164	7024	6421	6272
862	757	644	483	489	375
4093	3923	2999	1948	1775	2006
13398	13430	9305	6612	6282	6428
842	1154	888	515	487	473
389	315	193	160	147	110
101	57	51	42	51	48
31	26	22	30	19	0
